0.68159252,0.04945032,0.57093561,0.00000000,0.00000000,0.00000000
0.68230993,0.10747040,0.57832253,0.00000000,0.00000000,0.00000000
0.68302727,0.16549048,0.58570939,0.00000000,0.00000000,0.00000000
0.71270746,0.05055110,0.37433898,0.00000000,0.00000000,0.00000000
0.70199299,0.07000159,0.55218494,0.00000000,0.00000000,0.00000000
0.70935643,0.09984098,0.47058672,0.00000000,0.00000000,0.00000000
0.71377856,0.10909233,0.37413493,0.00000000,0.00000000,0.00000000
0.70343220,0.12783378,0.56065017,0.00000000,0.00000000,0.00000000
0.71484971,0.16763356,0.37393084,0.00000000,0.00000000,0.00000000
0.70487142,0.18566597,0.56911528,0.00000000,0.00000000,0.00000000
0.73978871,-0.01052184,0.49362975,0.00000000,0.00000000,0.00000000
0.73904192,0.05672870,0.39519536,0.00000000,0.00000000,0.00000000
0.72457260,0.04465957,0.48210824,0.00000000,0.00000000,0.00000000
0.73720074,0.11384796,0.38324100,0.00000000,0.00000000,0.00000000
0.73623872,0.12617475,0.44972646,0.00000000,0.00000000,0.00000000
0.73535955,0.17096721,0.37128663,0.00000000,0.00000000,0.00000000
0.73891246,0.18392397,0.45838603,0.00000000,0.00000000,0.00000000
0.74158627,0.24167320,0.46704561,0.00000000,0.00000000,0.00000000
0.77910060,0.03875858,0.38973027,0.00000000,0.00000000,0.00000000
0.76560920,0.06147203,0.30107072,0.00000000,0.00000000,0.00000000
0.76367682,0.08427834,0.35700083,0.00000000,0.00000000,0.00000000
0.76956201,0.11897757,0.29125309,0.00000000,0.00000000,0.00000000
0.77351481,0.17648311,0.28143546,0.00000000,0.00000000,0.00000000
0.79452443,-0.00676117,0.42245975,0.00000000,0.00000000,0.00000000
0.80993897,0.11000715,0.32860434,0.00000000,0.00000000,0.00000000
0.83435369,0.02567162,0.40497378,0.00000000,0.00000000,0.00000000
0.82214636,0.06783938,0.36678907,0.00000000,0.00000000,0.00000000
0.83268261,0.13186668,0.28751251,0.00000000,0.00000000,0.00000000
0.83238333,0.16465971,0.29543200,0.00000000,0.00000000,0.00000000
0.83581614,0.22300763,0.29757434,0.00000000,0.00000000,0.00000000
0.83924901,0.28135556,0.29971671,0.00000000,0.00000000,0.00000000
0.85524893,0.06777582,0.38178292,0.00000000,0.00000000,0.00000000
0.85519093,0.09511340,0.26884228,0.00000000,0.00000000,0.00000000
0.84396577,0.09982125,0.33464772,0.00000000,0.00000000,0.00000000
0.86858737,0.07701602,0.32241541,0.00000000,0.00000000,0.00000000
0.88198382,0.05891864,0.37598854,0.00000000,0.00000000,0.00000000
0.91626143,0.10091540,0.65641361,0.00000000,0.00000000,0.00000000
0.91729546,0.11701496,0.51274520,0.00000000,0.00000000,0.00000000
0.92122883,0.12183838,0.61127436,0.00000000,0.00000000,0.00000000
0.92941105,0.10322738,0.53471148,0.00000000,0.00000000,0.00000000
0.93277293,0.11643382,0.65019614,0.00000000,0.00000000,0.00000000
0.93496042,0.13062695,0.46799403,0.00000000,0.00000000,0.00000000
0.93424374,0.13784270,0.57429469,0.00000000,0.00000000,0.00000000
0.94050348,0.13642590,0.60502362,0.00000000,0.00000000,0.00000000
0.95627701,0.07146578,0.22034323,0.00000000,0.00000000,0.00000000
0.95705098,0.07214439,0.32488677,0.00000000,0.00000000,0.00000000
0.94160241,0.10099104,0.27693632,0.00000000,0.00000000,0.00000000
0.95201623,0.11965957,0.52858752,0.00000000,0.00000000,0.00000000
0.94500566,0.13723545,0.18824635,0.00000000,0.00000000,0.00000000
0.94737297,0.12824762,0.52701300,0.00000000,0.00000000,0.00000000
0.95177525,0.15229161,0.45217231,0.00000000,0.00000000,0.00000000
0.96061683,0.15817745,0.46355635,0.00000000,0.00000000,0.00000000
0.94252485,0.16615427,0.50948071,0.00000000,0.00000000,0.00000000
0.94891298,0.16973069,0.58537626,0.00000000,0.00000000,0.00000000
0.94693613,0.19531943,0.18290454,0.00000000,0.00000000,0.00000000
0.94886661,0.25340340,0.17756273,0.00000000,0.00000000,0.00000000
0.97601068,-0.04550979,0.58135074,0.00000000,0.00000000,0.00000000
0.97249949,0.04329773,0.37283722,0.00000000,0.00000000,0.00000000
0.96309620,0.10041859,0.39918700,0.00000000,0.00000000,0.00000000
0.97241235,0.09525768,0.45782954,0.00000000,0.00000000,0.00000000
0.96381104,0.11062419,0.17803864,0.00000000,0.00000000,0.00000000
0.97134501,0.14978260,0.13573402,0.00000000,0.00000000,0.00000000
0.97657377,0.15127349,0.40876728,0.00000000,0.00000000,0.00000000
0.97223455,0.17202410,0.45237178,0.00000000,0.00000000,0.00000000
0.96535712,0.18253869,0.53992796,0.00000000,0.00000000,0.00000000
0.99283528,-0.08920122,0.51296377,0.00000000,0.00000000,0.00000000
1.00012672,-0.07901542,0.52212393,0.00000000,0.00000000,0.00000000
0.99774283,-0.07087485,0.49073261,0.00000000,0.00000000,0.00000000
0.99981254,-0.07079334,0.52113473,0.00000000,0.00000000,0.00000000
1.00097620,-0.06672605,0.52423495,0.00000000,0.00000000,0.00000000
0.99241263,-0.04943086,0.56993914,0.00000000,0.00000000,0.00000000
0.98825097,-0.04991388,0.59265882,0.00000000,0.00000000,0.00000000
1.00101113,0.03626610,0.54339194,0.00000000,0.00000000,0.00000000
0.98718578,0.05842130,0.25660613,0.00000000,0.00000000,0.00000000
0.99094814,0.04480283,0.31296921,0.00000000,0.00000000,0.00000000
0.98342347,0.07203975,0.20024304,0.00000000,0.00000000,0.00000000
0.98972243,0.12077404,0.39803019,0.00000000,0.00000000,0.00000000
0.99192554,0.14040628,0.41901639,0.00000000,0.00000000,0.00000000
0.98871446,0.16424336,0.46646759,0.00000000,0.00000000,0.00000000
0.99790180,0.22543985,0.48002023,0.00000000,0.00000000,0.00000000
1.00657094,-0.07906020,0.51123971,0.00000000,0.00000000,0.00000000
1.00943240,-0.07234069,0.47181550,0.00000000,0.00000000,0.00000000
1.00713986,-0.07772496,0.49106732,0.00000000,0.00000000,0.00000000
1.00980930,-0.07017390,0.51530706,0.00000000,0.00000000,0.00000000
1.02113140,0.05307653,0.50042826,0.00000000,0.00000000,0.00000000
1.01530838,0.04895800,0.52700547,0.00000000,0.00000000,0.00000000
1.01715760,0.05262330,0.55072808,0.00000000,0.00000000,0.00000000
1.01090598,0.07705002,0.60641223,0.00000000,0.00000000,0.00000000
1.01200426,0.10715751,0.35107961,0.00000000,0.00000000,0.00000000
1.01932395,0.19473433,0.42184311,0.00000000,0.00000000,0.00000000
1.03926933,-0.06320175,0.45622617,0.00000000,0.00000000,0.00000000
1.02552456,-0.07259986,0.48519795,0.00000000,0.00000000,0.00000000
1.02422166,-0.06446819,0.53171670,0.00000000,0.00000000,0.00000000
1.02490556,0.05108371,0.49809366,0.00000000,0.00000000,0.00000000
1.03428662,0.05202776,0.51553371,0.00000000,0.00000000,0.00000000
1.02507913,0.04667623,0.52345008,0.00000000,0.00000000,0.00000000
1.02483493,0.05479282,0.54752058,0.00000000,0.00000000,0.00000000
1.02323937,0.07358944,0.59592843,0.00000000,0.00000000,0.00000000
1.02759790,0.08577795,0.37001973,0.00000000,0.00000000,0.00000000
1.03809905,0.15826200,0.39325529,0.00000000,0.00000000,0.00000000
1.02766228,0.22669981,0.43986145,0.00000000,0.00000000,0.00000000
1.05743372,-0.08256180,0.52636981,0.00000000,0.00000000,0.00000000
1.04573357,-0.05924432,0.47073549,0.00000000,0.00000000,0.00000000
1.04862273,-0.06328990,0.54582042,0.00000000,0.00000000,0.00000000
1.04791272,-0.05816260,0.45608568,0.00000000,0.00000000,0.00000000
1.04501510,-0.05171045,0.65307719,0.00000000,0.00000000,0.00000000
1.05763221,0.00013321,0.59425366,0.00000000,0.00000000,0.00000000
1.06116521,0.00832340,0.59675133,0.00000000,0.00000000,0.00000000
1.05512464,0.06130176,0.48754850,0.00000000,0.00000000,0.00000000
1.04337597,0.05362440,0.55584502,0.00000000,0.00000000,0.00000000
1.05084169,0.05364406,0.56773430,0.00000000,0.00000000,0.00000000
1.05856931,0.07680980,0.23483182,0.00000000,0.00000000,0.00000000
1.06121445,0.06470414,0.50404942,0.00000000,0.00000000,0.00000000
1.05321193,0.07156538,0.55656245,0.00000000,0.00000000,0.00000000
1.05082202,0.11255994,0.14986171,0.00000000,0.00000000,0.00000000
1.04868841,0.17007047,0.13983008,0.00000000,0.00000000,0.00000000
1.05267549,0.20495245,0.34369934,0.00000000,0.00000000,0.00000000
1.04655468,0.22758098,0.12979844,0.00000000,0.00000000,0.00000000
1.05762684,0.23750411,0.39420140,0.00000000,0.00000000,0.00000000
1.06890786,-0.10281352,0.65308172,0.00000000,0.00000000,0.00000000
1.08141232,-0.09585826,0.65877062,0.00000000,0.00000000,0.00000000
1.06823623,-0.05457344,0.54907215,0.00000000,0.00000000,0.00000000
1.06575179,-0.05334750,0.61999375,0.00000000,0.00000000,0.00000000
1.06787217,-0.02575950,0.60605174,0.00000000,0.00000000,0.00000000
1.07598484,-0.00420460,0.60767388,0.00000000,0.00000000,0.00000000
1.07426882,-0.00542015,0.63631225,0.00000000,0.00000000,0.00000000
1.06885481,0.01384905,0.58366063,0.00000000,0.00000000,0.00000000
1.07951975,0.01898174,0.63421905,0.00000000,0.00000000,0.00000000
1.08086801,0.03842623,0.61548960,0.00000000,0.00000000,0.00000000
1.07370341,0.03622436,0.62631440,0.00000000,0.00000000,0.00000000
1.07416979,0.03160363,0.65431591,0.00000000,0.00000000,0.00000000
1.07823694,0.03150052,0.66672260,0.00000000,0.00000000,0.00000000
1.07176101,0.04237153,0.55649304,0.00000000,0.00000000,0.00000000
1.07041705,0.05326613,0.60922515,0.00000000,0.00000000,0.00000000
1.06182158,0.06688587,0.48630682,0.00000000,0.00000000,0.00000000
1.08072960,0.06798514,0.50717658,0.00000000,0.00000000,0.00000000
1.07217252,0.07370280,0.55769104,0.00000000,0.00000000,0.00000000
1.07075012,0.07105784,0.57128230,0.00000000,0.00000000,0.00000000
1.07256448,0.06238423,0.60183209,0.00000000,0.00000000,0.00000000
1.07397735,0.07354060,0.66854572,0.00000000,0.00000000,0.00000000
1.07346690,0.09817238,0.35087916,0.00000000,0.00000000,0.00000000
1.06722593,0.10154605,0.18299387,0.00000000,0.00000000,0.00000000
1.07588255,0.12628230,0.13115594,0.00000000,0.00000000,0.00000000
1.08151078,0.15509529,0.31572935,0.00000000,0.00000000,0.00000000
1.06431270,0.15957476,0.32622251,0.00000000,0.00000000,0.00000000
1.06602180,0.19891293,0.33417138,0.00000000,0.00000000,0.00000000
1.07103682,0.19906214,0.37785837,0.00000000,0.00000000,0.00000000
1.08864254,-0.08906650,0.61261582,0.00000000,0.00000000,0.00000000
1.09437764,-0.09544224,0.62234867,0.00000000,0.00000000,0.00000000
1.09203760,-0.08844523,0.65089442,0.00000000,0.00000000,0.00000000
1.10117817,-0.06269715,0.68080366,0.00000000,0.00000000,0.00000000
1.08685637,-0.04905855,0.68642771,0.00000000,0.00000000,0.00000000
1.09926069,-0.04866754,0.75557297,0.00000000,0.00000000,0.00000000
1.08709830,-0.03050912,0.67411909,0.00000000,0.00000000,0.00000000
1.08612239,-0.01789824,0.65842456,0.00000000,0.00000000,0.00000000
1.08334816,0.00311572,0.64990079,0.00000000,0.00000000,0.00000000
1.08532619,0.04047603,0.61347812,0.00000000,0.00000000,0.00000000
1.09151366,0.03548345,0.63118788,0.00000000,0.00000000,0.00000000
1.08980942,0.03789581,0.65488935,0.00000000,0.00000000,0.00000000
1.08349586,0.04069285,0.66178596,0.00000000,0.00000000,0.00000000
1.08756685,0.04866984,0.53295934,0.00000000,0.00000000,0.00000000
1.09458196,0.05871323,0.58137172,0.00000000,0.00000000,0.00000000
1.08346426,0.05722903,0.59296858,0.00000000,0.00000000,0.00000000
1.09368610,0.04422153,0.66093215,0.00000000,0.00000000,0.00000000
1.08868301,0.04297271,0.66395700,0.00000000,0.00000000,0.00000000
1.09496236,0.07769716,0.51263791,0.00000000,0.00000000,0.00000000
1.09412932,0.06976169,0.57372075,0.00000000,0.00000000,0.00000000
1.09450686,0.07982137,0.60681498,0.00000000,0.00000000,0.00000000
1.08891702,0.07347018,0.63178366,0.00000000,0.00000000,0.00000000
1.09368777,0.09048864,0.29303136,0.00000000,0.00000000,0.00000000
1.09640670,0.22984396,0.36358365,0.00000000,0.00000000,0.00000000
1.11955833,-0.08086883,0.59371811,0.00000000,0.00000000,0.00000000
1.10342050,-0.09498652,0.62000203,0.00000000,0.00000000,0.00000000
1.10557103,-0.08611909,0.62745738,0.00000000,0.00000000,0.00000000
1.11009669,-0.08149409,0.65955180,0.00000000,0.00000000,0.00000000
1.11740506,-0.09341379,0.66465497,0.00000000,0.00000000,0.00000000
1.10614586,-0.07268889,0.68041801,0.00000000,0.00000000,0.00000000
1.11696398,-0.06437443,0.68792158,0.00000000,0.00000000,0.00000000
1.11714768,-0.07726640,1.02576935,0.00000000,0.00000000,0.00000000
1.10778797,-0.04973247,0.86628193,0.00000000,0.00000000,0.00000000
1.11545897,-0.05096980,1.02798486,0.00000000,0.00000000,0.00000000
1.11787748,0.03513322,0.61677587,0.00000000,0.00000000,0.00000000
1.10799098,0.03037204,0.66703653,0.00000000,0.00000000,0.00000000
1.11766708,0.04639324,0.60133654,0.00000000,0.00000000,0.00000000
1.11422217,0.05840265,0.60659635,0.00000000,0.00000000,0.00000000
1.11185849,0.04575281,0.66964614,0.00000000,0.00000000,0.00000000
1.11359596,0.05370977,0.68863308,0.00000000,0.00000000,0.00000000
1.11278653,0.06679349,0.57006609,0.00000000,0.00000000,0.00000000
1.11334574,0.07437266,0.59122556,0.00000000,0.00000000,0.00000000
1.11225212,0.06771704,0.69055899,0.00000000,0.00000000,0.00000000
1.11742067,0.08819687,0.28225011,0.00000000,0.00000000,0.00000000
1.10891187,0.09114671,0.49270904,0.00000000,0.00000000,0.00000000
1.12227285,-0.09167748,0.60675865,0.00000000,0.00000000,0.00000000
1.12797594,-0.07310628,0.59387767,0.00000000,0.00000000,0.00000000
1.13346648,-0.07841773,0.60333616,0.00000000,0.00000000,0.00000000
1.12943482,-0.07789292,1.20546782,0.00000000,0.00000000,0.00000000
1.14145827,-0.05443458,1.20964074,0.00000000,0.00000000,0.00000000
1.13209212,0.03153245,0.67048764,0.00000000,0.00000000,0.00000000
1.12491310,0.05656422,0.57868588,0.00000000,0.00000000,0.00000000
1.12431049,0.05386077,0.60031945,0.00000000,0.00000000,0.00000000
1.12998152,0.04845574,0.61398053,0.00000000,0.00000000,0.00000000
1.13312757,0.06454726,0.60567605,0.00000000,0.00000000,0.00000000
1.12667894,0.07756449,0.76019901,0.00000000,0.00000000,0.00000000
1.13718820,0.07605125,0.86591518,0.00000000,0.00000000,0.00000000
1.12879014,0.08656570,0.23261267,0.00000000,0.00000000,0.00000000
1.12703991,0.24887745,0.35146308,0.00000000,0.00000000,0.00000000
1.14257264,-0.09762923,0.66096818,0.00000000,0.00000000,0.00000000
1.16040957,-0.07760894,0.65980619,0.00000000,0.00000000,0.00000000
1.15654075,-0.06954297,1.31144071,0.00000000,0.00000000,0.00000000
1.15329802,0.05116953,0.64428890,0.00000000,0.00000000,0.00000000
1.15775096,0.04934542,0.66685796,0.00000000,0.00000000,0.00000000
1.14960837,0.04764715,1.03465903,0.00000000,0.00000000,0.00000000
1.16053057,0.04744026,1.21153104,0.00000000,0.00000000,0.00000000
1.15882015,0.07389820,0.18567935,0.00000000,0.00000000,0.00000000
1.14880419,0.06467152,0.57058918,0.00000000,0.00000000,0.00000000
1.15513539,0.06252694,0.64920384,0.00000000,0.00000000,0.00000000
1.14727736,0.07418094,1.02182698,0.00000000,0.00000000,0.00000000
1.15969181,0.08888853,0.56490919,0.00000000,0.00000000,0.00000000
1.14868677,0.14013690,0.22341003,0.00000000,0.00000000,0.00000000
1.15279818,0.19229161,0.31760556,0.00000000,0.00000000,0.00000000
1.15588844,0.20928547,0.27251151,0.00000000,0.00000000,0.00000000
1.17867172,-0.23136202,0.29470611,0.00000000,0.00000000,0.00000000
1.17084074,-0.20964095,0.30135214,0.00000000,0.00000000,0.00000000
1.16911542,-0.20120744,0.30638388,0.00000000,0.00000000,0.00000000
1.17734718,-0.19815852,0.31505489,0.00000000,0.00000000,0.00000000
1.17918956,-0.06008884,1.32715011,0.00000000,0.00000000,0.00000000
1.17311811,-0.01133783,0.67153203,0.00000000,0.00000000,0.00000000
1.16881037,0.05627640,0.64828962,0.00000000,0.00000000,0.00000000
1.16504014,0.05427358,0.93528324,0.00000000,0.00000000,0.00000000
1.16969705,0.07719975,0.22074069,0.00000000,0.00000000,0.00000000
1.16668510,0.06971268,0.27840626,0.00000000,0.00000000,0.00000000
1.16316104,0.07439894,0.58877742,0.00000000,0.00000000,0.00000000
1.16315091,0.07847779,0.60587311,0.00000000,0.00000000,0.00000000
1.17158765,0.07186544,0.62789017,0.00000000,0.00000000,0.00000000
1.16707730,0.06277370,0.69983453,0.00000000,0.00000000,0.00000000
1.17353773,0.07426505,0.78947777,0.00000000,0.00000000,0.00000000
1.18153286,0.07273090,1.13396645,0.00000000,0.00000000,0.00000000
1.17502689,0.07003185,1.19895256,0.00000000,0.00000000,0.00000000
1.18115819,0.09111625,0.09573001,0.00000000,0.00000000,0.00000000
1.17936110,0.08845492,0.10694014,0.00000000,0.00000000,0.00000000
1.17270899,0.08468682,0.16307515,0.00000000,0.00000000,0.00000000
1.17224419,0.08938721,0.55636984,0.00000000,0.00000000,0.00000000
1.17429745,0.09867597,0.93555659,0.00000000,0.00000000,0.00000000
1.16905105,0.13086936,0.17928980,0.00000000,0.00000000,0.00000000
1.16463721,0.12249552,0.30907840,0.00000000,0.00000000,0.00000000
1.17524582,0.12521119,0.57883310,0.00000000,0.00000000,0.00000000
1.16657364,0.14638054,0.30599734,0.00000000,0.00000000,0.00000000
1.17308402,0.16477621,0.25757036,0.00000000,0.00000000,0.00000000
1.17928195,0.18784054,0.17290027,0.00000000,0.00000000,0.00000000
1.16858339,0.19370809,0.21420737,0.00000000,0.00000000,0.00000000
1.17328978,0.18442902,0.28776386,0.00000000,0.00000000,0.00000000
1.16866386,0.20982887,0.32060269,0.00000000,0.00000000,0.00000000
1.16924059,0.23276781,0.33002529,0.00000000,0.00000000,0.00000000
1.19816256,-0.19951446,0.29722020,0.00000000,0.00000000,0.00000000
1.19524883,-0.19079744,0.29807464,0.00000000,0.00000000,0.00000000
1.18786252,-0.18865870,0.33477059,0.00000000,0.00000000,0.00000000
1.20039654,-0.16112091,0.08064850,0.00000000,0.00000000,0.00000000
1.19617403,-0.16560005,0.26341736,0.00000000,0.00000000,0.00000000
1.19218922,-0.16379406,0.55420882,0.00000000,0.00000000,0.00000000
1.19884843,-0.15574207,0.08676564,0.00000000,0.00000000,0.00000000
1.19298923,-0.15165262,0.10695268,0.00000000,0.00000000,0.00000000
1.19647944,-0.15847327,0.55310148,0.00000000,0.00000000,0.00000000
1.18914497,-0.13009762,0.55768061,0.00000000,0.00000000,0.00000000
1.18795389,-0.10576102,0.09360718,0.00000000,0.00000000,0.00000000
1.18259692,-0.11075637,0.27802488,0.00000000,0.00000000,0.00000000
1.18587959,-0.09707010,0.09868442,0.00000000,0.00000000,0.00000000
1.18405235,-0.09383264,0.11502483,0.00000000,0.00000000,0.00000000
1.18537116,-0.07275413,0.65699691,0.00000000,0.00000000,0.00000000
1.19434655,-0.06205980,0.71592495,0.00000000,0.00000000,0.00000000
1.19960093,-0.01928106,0.62134951,0.00000000,0.00000000,0.00000000
1.20037895,-0.02398443,0.63271448,0.00000000,0.00000000,0.00000000
1.19609110,-0.03409432,0.65241524,0.00000000,0.00000000,0.00000000
1.19290972,-0.02580656,0.66909605,0.00000000,0.00000000,0.00000000
1.20045471,-0.01424486,0.61175746,0.00000000,0.00000000,0.00000000
1.20098221,-0.01411375,0.62284791,0.00000000,0.00000000,0.00000000
1.18516517,-0.00992489,0.67876023,0.00000000,0.00000000,0.00000000
1.18806159,0.05416620,0.66365278,0.00000000,0.00000000,0.00000000
1.19047952,0.06074610,0.72713715,0.00000000,0.00000000,0.00000000
1.18379760,0.05663554,1.31616056,0.00000000,0.00000000,0.00000000
1.19335127,0.08104867,0.08515498,0.00000000,0.00000000,0.00000000
1.18958402,0.07606372,0.22489806,0.00000000,0.00000000,0.00000000
1.19591498,0.06782778,0.70835978,0.00000000,0.00000000,0.00000000
1.19391608,0.08287836,0.08501746,0.00000000,0.00000000,0.00000000
1.18918508,0.08738165,0.10873825,0.00000000,0.00000000,0.00000000
1.18331921,0.09611276,0.60322148,0.00000000,0.00000000,0.00000000
1.19715333,0.11669790,0.57804805,0.00000000,0.00000000,0.00000000
1.19306749,0.11471963,0.58559319,0.00000000,0.00000000,0.00000000
1.18772972,0.11081652,1.11850965,0.00000000,0.00000000,0.00000000
1.19210422,0.13885318,0.27946579,0.00000000,0.00000000,0.00000000
1.18719190,0.14721489,0.09331422,0.00000000,0.00000000,0.00000000
1.19017255,0.14803272,0.10201213,0.00000000,0.00000000,0.00000000
1.18609571,0.15352575,0.32130054,0.00000000,0.00000000,0.00000000
1.19459069,0.17038809,0.29357117,0.00000000,0.00000000,0.00000000
1.18485272,0.16387953,0.31645089,0.00000000,0.00000000,0.00000000
1.19949079,0.17149045,0.37467819,0.00000000,0.00000000,0.00000000
1.19268727,0.17342126,0.41954020,0.00000000,0.00000000,0.00000000
1.18175602,0.19544384,0.33857411,0.00000000,0.00000000,0.00000000
1.19803488,0.18539450,0.45975137,0.00000000,0.00000000,0.00000000
1.19556844,0.20567931,0.07745959,0.00000000,0.00000000,0.00000000
1.19513667,0.20411611,0.09168775,0.00000000,0.00000000,0.00000000
1.19572675,0.23432802,0.32527652,0.00000000,0.00000000,0.00000000
1.21535426,-0.21988943,0.06424118,0.00000000,0.00000000,0.00000000
1.20975137,-0.22044373,0.24880986,0.00000000,0.00000000,0.00000000
1.21282045,-0.21405669,0.07481906,0.00000000,0.00000000,0.00000000
1.20192611,-0.20947260,0.09888054,0.00000000,0.00000000,0.00000000
1.21222425,-0.21555248,0.17942595,0.00000000,0.00000000,0.00000000
1.20931883,-0.20411484,0.29882992,0.00000000,0.00000000,0.00000000
1.21843020,-0.19994925,0.30178070,0.00000000,0.00000000,0.00000000
1.20314032,-0.19036346,0.29992782,0.00000000,0.00000000,0.00000000
1.21845766,-0.19314040,0.30434119,0.00000000,0.00000000,0.00000000
1.20266968,-0.16421326,0.07942328,0.00000000,0.00000000,0.00000000
1.21176839,-0.16125928,0.56242818,0.00000000,0.00000000,0.00000000
1.20772278,-0.15725067,0.18490778,0.00000000,0.00000000,0.00000000
1.22051060,-0.13988820,0.37982026,0.00000000,0.00000000,0.00000000
1.21683687,-0.14807792,0.55749780,0.00000000,0.00000000,0.00000000
1.20647728,-0.12709200,0.56610620,0.00000000,0.00000000,0.00000000
1.20322132,-0.09894885,0.19038962,0.00000000,0.00000000,0.00000000
1.21308964,-0.04776144,0.65380874,0.00000000,0.00000000,0.00000000
1.20234585,-0.05829161,1.40033042,0.00000000,0.00000000,0.00000000
1.21466058,-0.02988933,0.53541073,0.00000000,0.00000000,0.00000000
1.21290386,-0.02234324,0.62072897,0.00000000,0.00000000,0.00000000
1.20366335,-0.02309686,0.62425226,0.00000000,0.00000000,0.00000000
1.20626756,-0.02416938,0.64543843,0.00000000,0.00000000,0.00000000
1.22128308,-0.01819797,0.63328481,0.00000000,0.00000000,0.00000000
1.20919347,-0.01682365,0.64219767,0.00000000,0.00000000,0.00000000
1.22147751,0.01485174,0.56601501,0.00000000,0.00000000,0.00000000
1.20755899,0.06617509,0.14149314,0.00000000,0.00000000,0.00000000
1.20420039,0.07493163,0.28557029,0.00000000,0.00000000,0.00000000
1.21290934,0.06407774,1.31428921,0.00000000,0.00000000,0.00000000
1.20788980,0.09298217,0.23648252,0.00000000,0.00000000,0.00000000
1.21932805,0.09067392,0.41054362,0.00000000,0.00000000,0.00000000
1.22094429,0.08788129,0.57767940,0.00000000,0.00000000,0.00000000
1.21970081,0.09910760,1.26700473,0.00000000,0.00000000,0.00000000
1.20208788,0.11118939,0.18043073,0.00000000,0.00000000,0.00000000
1.21253228,0.10913736,0.51819855,0.00000000,0.00000000,0.00000000
1.20873070,0.11293408,0.56608158,0.00000000,0.00000000,0.00000000
1.20706189,0.13836990,0.07891507,0.00000000,0.00000000,0.00000000
1.20611870,0.13992962,0.09391918,0.00000000,0.00000000,0.00000000
1.21086669,0.12404730,0.13433026,0.00000000,0.00000000,0.00000000
1.20837104,0.13791341,0.31049931,0.00000000,0.00000000,0.00000000
1.21459174,0.14631505,0.13596338,0.00000000,0.00000000,0.00000000
1.21909451,0.19419672,0.07460602,0.00000000,0.00000000,0.00000000
1.21661913,0.19653828,0.08413777,0.00000000,0.00000000,0.00000000
1.21417451,0.18191953,0.12716739,0.00000000,0.00000000,0.00000000
1.21773767,0.20127219,0.31629676,0.00000000,0.00000000,0.00000000
1.20285213,0.21244049,0.32422027,0.00000000,0.00000000,0.00000000
1.22815496,-0.22574250,0.29037113,0.00000000,0.00000000,0.00000000
1.23522580,-0.20671977,0.29576263,0.00000000,0.00000000,0.00000000
1.22562158,-0.19576088,0.30596261,0.00000000,0.00000000,0.00000000
1.23646057,-0.19357741,0.32409155,0.00000000,0.00000000,0.00000000
1.22931409,-0.19384494,0.40997836,0.00000000,0.00000000,0.00000000
1.22289050,-0.17769958,0.33692253,0.00000000,0.00000000,0.00000000
1.24016690,-0.15735212,0.10834514,0.00000000,0.00000000,0.00000000
1.23133882,-0.14878533,0.55739618,0.00000000,0.00000000,0.00000000
1.23594844,-0.14660135,0.56215680,0.00000000,0.00000000,0.00000000
1.23641646,-0.13759868,0.43950468,0.00000000,0.00000000,0.00000000
1.23502080,-0.10729955,0.08667656,0.00000000,0.00000000,0.00000000
1.23767567,-0.09823795,0.11136062,0.00000000,0.00000000,0.00000000
1.23619711,-0.06877818,1.43125522,0.00000000,0.00000000,0.00000000
1.22651052,-0.05451290,0.76598555,0.00000000,0.00000000,0.00000000
1.23882651,-0.02396307,0.49876246,0.00000000,0.00000000,0.00000000
1.23309119,-0.02375689,0.50918415,0.00000000,0.00000000,0.00000000
1.23106603,-0.02103906,0.52713235,0.00000000,0.00000000,0.00000000
1.22540975,-0.01889629,0.60316968,0.00000000,0.00000000,0.00000000
1.22831869,-0.02212687,0.65111464,0.00000000,0.00000000,0.00000000
1.23567504,-0.01343010,0.52522618,0.00000000,0.00000000,0.00000000
1.23592782,-0.00226977,0.56068867,0.00000000,0.00000000,0.00000000
1.23313195,-0.00469883,0.60116243,0.00000000,0.00000000,0.00000000
1.24039042,-0.00422027,0.60576069,0.00000000,0.00000000,0.00000000
1.23141432,0.01631223,0.57279050,0.00000000,0.00000000,0.00000000
1.23277736,0.05994578,0.08368657,0.00000000,0.00000000,0.00000000
1.24071670,0.06920496,0.09095825,0.00000000,0.00000000,0.00000000
1.24085462,0.06868496,0.11048207,0.00000000,0.00000000,0.00000000
1.23674929,0.06973170,0.26443893,0.00000000,0.00000000,0.00000000
1.22493768,0.07172473,0.76228070,0.00000000,0.00000000,0.00000000
1.22555268,0.06862744,1.40388823,0.00000000,0.00000000,0.00000000
1.23490584,0.08988704,0.57679844,0.00000000,0.00000000,0.00000000
1.22163880,0.11269443,0.49614534,0.00000000,0.00000000,0.00000000
1.22595620,0.11987857,0.57912600,0.00000000,0.00000000,0.00000000
1.23671877,0.11754062,0.68665367,0.00000000,0.00000000,0.00000000
1.22270131,0.10692064,1.24860954,0.00000000,0.00000000,0.00000000
1.23276436,0.12433347,0.50459653,0.00000000,0.00000000,0.00000000
1.22925270,0.12454489,0.59716392,0.00000000,0.00000000,0.00000000
1.23004007,0.15132376,0.31578945,0.00000000,0.00000000,0.00000000
1.23124099,0.14752154,0.40659693,0.00000000,0.00000000,0.00000000
1.23443913,0.16630399,0.31050897,0.00000000,0.00000000,0.00000000
1.24011660,0.17624426,0.40396824,0.00000000,0.00000000,0.00000000
1.22188544,0.19535586,0.07088183,0.00000000,0.00000000,0.00000000
1.23533392,0.19270194,0.29986668,0.00000000,0.00000000,0.00000000
1.22428930,0.19085740,0.30804864,0.00000000,0.00000000,0.00000000
1.23086345,0.19376031,0.32932034,0.00000000,0.00000000,0.00000000
1.22454417,0.21828067,0.27806389,0.00000000,0.00000000,0.00000000
1.24055672,0.21252981,0.32138917,0.00000000,0.00000000,0.00000000
1.25796151,-0.23918867,0.65499437,0.00000000,0.00000000,0.00000000
1.25913123,-0.22222726,0.07083732,0.00000000,0.00000000,0.00000000
1.25855052,-0.22602786,0.47514710,0.00000000,0.00000000,0.00000000
1.25910489,-0.21807570,0.07436330,0.00000000,0.00000000,0.00000000
1.24265814,-0.21646629,0.10532966,0.00000000,0.00000000,0.00000000
1.25095599,-0.20725063,0.29583433,0.00000000,0.00000000,0.00000000
1.24848398,-0.19650929,0.29784134,0.00000000,0.00000000,0.00000000
1.24212229,-0.19016430,0.35604587,0.00000000,0.00000000,0.00000000
1.25239789,-0.19396240,0.43139958,0.00000000,0.00000000,0.00000000
1.24751499,-0.16463091,0.07890379,0.00000000,0.00000000,0.00000000
1.25170362,-0.16109698,0.08487840,0.00000000,0.00000000,0.00000000
1.25093913,-0.14891551,0.55534092,0.00000000,0.00000000,0.00000000
1.25522133,-0.13371067,0.54960362,0.00000000,0.00000000,0.00000000
1.25167251,-0.13015403,0.58439952,0.00000000,0.00000000,0.00000000
1.24504519,-0.05477628,0.82231194,0.00000000,0.00000000,0.00000000
1.26143110,-0.05766049,0.91105491,0.00000000,0.00000000,0.00000000
1.24879467,-0.02519348,0.48072869,0.00000000,0.00000000,0.00000000
1.26069725,-0.01958931,0.48573801,0.00000000,0.00000000,0.00000000
1.24497938,-0.02719900,0.50317985,0.00000000,0.00000000,0.00000000
1.24789321,-0.03367667,0.53968525,0.00000000,0.00000000,0.00000000
1.25894320,-0.02860897,0.54724962,0.00000000,0.00000000,0.00000000
1.25787735,-0.03030862,0.65039572,0.00000000,0.00000000,0.00000000
1.25620866,-0.01710824,0.51785672,0.00000000,0.00000000,0.00000000
1.24973202,-0.01242712,0.52819690,0.00000000,0.00000000,0.00000000
1.25477314,-0.00914581,0.70046544,0.00000000,0.00000000,0.00000000
1.24441171,0.07122856,0.81779486,0.00000000,0.00000000,0.00000000
1.25150561,0.10078637,0.57730961,0.00000000,0.00000000,0.00000000
1.25934768,0.09013794,0.65129375,0.00000000,0.00000000,0.00000000
1.24550688,0.11626246,0.07567897,0.00000000,0.00000000,0.00000000
1.24892521,0.10683277,0.57213765,0.00000000,0.00000000,0.00000000
1.25611532,0.10523778,0.60425413,0.00000000,0.00000000,0.00000000
1.25719833,0.11613263,0.62492537,0.00000000,0.00000000,0.00000000
1.25228763,0.12524597,0.08005347,0.00000000,0.00000000,0.00000000
1.25024879,0.12443344,0.09606120,0.00000000,0.00000000,0.00000000
1.25107133,0.12328750,0.48715213,0.00000000,0.00000000,0.00000000
1.24272025,0.12140153,0.69021374,0.00000000,0.00000000,0.00000000
1.25539339,0.15424533,0.30579114,0.00000000,0.00000000,0.00000000
1.25823635,0.17257914,0.06767138,0.00000000,0.00000000,0.00000000
1.25964308,0.18018192,0.08164033,0.00000000,0.00000000,0.00000000
1.24815202,0.17809957,0.36527517,0.00000000,0.00000000,0.00000000
1.24385667,0.17874730,0.44087875,0.00000000,0.00000000,0.00000000
1.24944139,0.19490150,0.31954792,0.00000000,0.00000000,0.00000000
1.24279630,0.18367884,0.64664835,0.00000000,0.00000000,0.00000000
1.24315393,0.20436916,0.40265027,0.00000000,0.00000000,0.00000000
1.25174177,0.22424209,0.52443594,0.00000000,0.00000000,0.00000000
1.26373410,-0.24044038,0.33227149,0.00000000,0.00000000,0.00000000
1.26837957,-0.25032613,0.42329451,0.00000000,0.00000000,0.00000000
1.26249760,-0.22267981,0.07099456,0.00000000,0.00000000,0.00000000
1.26509309,-0.21808639,0.07815688,0.00000000,0.00000000,0.00000000
1.26740083,-0.20567586,0.29710344,0.00000000,0.00000000,0.00000000
1.27085721,-0.18909593,0.32859623,0.00000000,0.00000000,0.00000000
1.27682936,-0.19313025,0.39442873,0.00000000,0.00000000,0.00000000
1.27921814,-0.15066523,0.28803860,0.00000000,0.00000000,0.00000000
1.27036470,-0.15154972,0.55784386,0.00000000,0.00000000,0.00000000
1.27494490,-0.09200552,1.05260682,0.00000000,0.00000000,0.00000000
1.27975619,-0.09146778,1.24629831,0.00000000,0.00000000,0.00000000
1.27497923,-0.06295250,1.04179490,0.00000000,0.00000000,0.00000000
1.28133976,-0.05161393,1.47629130,0.00000000,0.00000000,0.00000000
1.27860630,-0.02557711,0.45741896,0.00000000,0.00000000,0.00000000
1.26975954,-0.02614992,0.49148010,0.00000000,0.00000000,0.00000000
1.27229118,-0.03107775,0.65405953,0.00000000,0.00000000,0.00000000
1.27421534,-0.01769724,0.45942566,0.00000000,0.00000000,0.00000000
1.27387533,-0.01362455,0.47698742,0.00000000,0.00000000,0.00000000
1.27951157,-0.01577934,0.49309510,0.00000000,0.00000000,0.00000000
1.27088380,-0.01521529,0.70205039,0.00000000,0.00000000,0.00000000
1.27977264,0.00922665,0.58540362,0.00000000,0.00000000,0.00000000
1.27756763,0.03408197,1.05971420,0.00000000,0.00000000,0.00000000
1.27570295,0.04379553,1.21100545,0.00000000,0.00000000,0.00000000
1.26957583,0.05523918,1.41696012,0.00000000,0.00000000,0.00000000
1.26182628,0.06826311,0.90573972,0.00000000,0.00000000,0.00000000
1.27733040,0.06304724,1.03631091,0.00000000,0.00000000,0.00000000
1.27673280,0.09998783,0.57582670,0.00000000,0.00000000,0.00000000
1.27782818,0.09531416,0.65350366,0.00000000,0.00000000,0.00000000
1.27513492,0.09347360,0.68390119,0.00000000,0.00000000,0.00000000
1.26716292,0.11664128,0.59945291,0.00000000,0.00000000,0.00000000
1.27162659,0.11326926,0.61437780,0.00000000,0.00000000,0.00000000
1.26961982,0.10647368,0.62961861,0.00000000,0.00000000,0.00000000
1.27912927,0.11766282,0.66243261,0.00000000,0.00000000,0.00000000
1.28073251,0.12049725,1.38382673,0.00000000,0.00000000,0.00000000
1.27952623,0.13485846,0.23656373,0.00000000,0.00000000,0.00000000
1.27330327,0.15228026,0.30965242,0.00000000,0.00000000,0.00000000
1.27143645,0.15901327,0.56187755,0.00000000,0.00000000,0.00000000
1.26385856,0.18128699,0.06914870,0.00000000,0.00000000,0.00000000
1.27122951,0.18411388,0.23881489,0.00000000,0.00000000,0.00000000
1.27341318,0.18183620,0.30571210,0.00000000,0.00000000,0.00000000
1.26754034,0.21799143,0.31301323,0.00000000,0.00000000,0.00000000
1.28049672,0.20266525,0.80107367,0.00000000,0.00000000,0.00000000
1.29995883,-0.26027158,0.80421287,0.00000000,0.00000000,0.00000000
1.30098021,-0.20770429,0.45606920,0.00000000,0.00000000,0.00000000
1.28910959,-0.17324586,0.28138313,0.00000000,0.00000000,0.00000000
1.28996778,-0.17367852,0.28256309,0.00000000,0.00000000,0.00000000
1.29471519,-0.14595459,0.28839339,0.00000000,0.00000000,0.00000000
1.29967296,-0.14754905,0.30471283,0.00000000,0.00000000,0.00000000
1.28214955,-0.15527397,0.59011692,0.00000000,0.00000000,0.00000000
1.28460765,-0.12608865,0.58615148,0.00000000,0.00000000,0.00000000
1.28817701,-0.09004820,1.22495461,0.00000000,0.00000000,0.00000000
1.30082560,-0.07070775,1.19531286,0.00000000,0.00000000,0.00000000
1.28892899,-0.02400464,0.45408961,0.00000000,0.00000000,0.00000000
1.29176462,-0.02733241,0.49534881,0.00000000,0.00000000,0.00000000
1.28948355,-0.02172738,0.53245640,0.00000000,0.00000000,0.00000000
1.28351247,-0.01628670,0.45756534,0.00000000,0.00000000,0.00000000
1.28839523,-0.00273433,0.47794944,0.00000000,0.00000000,0.00000000
1.29672635,-0.00193265,0.51732844,0.00000000,0.00000000,0.00000000
1.29652464,-0.00765241,0.75182039,0.00000000,0.00000000,0.00000000
1.29417694,0.01282328,0.52601001,0.00000000,0.00000000,0.00000000
1.28953183,0.03600992,1.23044658,0.00000000,0.00000000,0.00000000
1.29283965,0.09415461,1.37219918,0.00000000,0.00000000,0.00000000
1.30084789,0.11673643,0.30350468,0.00000000,0.00000000,0.00000000
1.29012835,0.11197766,0.64722168,0.00000000,0.00000000,0.00000000
1.29297590,0.11797068,0.70254773,0.00000000,0.00000000,0.00000000
1.29683721,0.10182957,0.90534735,0.00000000,0.00000000,0.00000000
1.28753006,0.12631464,0.67656803,0.00000000,0.00000000,0.00000000
1.28976494,0.15217651,0.31697413,0.00000000,0.00000000,0.00000000
1.29102099,0.17787533,0.63478667,0.00000000,0.00000000,0.00000000
1.29409289,0.20336023,0.50799412,0.00000000,0.00000000,0.00000000
1.28841412,0.21439546,0.55636728,0.00000000,0.00000000,0.00000000
1.31859189,-0.21911567,0.53584868,0.00000000,0.00000000,0.00000000
1.30629933,-0.23284616,0.64389360,0.00000000,0.00000000,0.00000000
1.30403888,-0.20964059,0.58257341,0.00000000,0.00000000,0.00000000
1.31940889,-0.18093529,0.55470324,0.00000000,0.00000000,0.00000000
1.30754232,-0.16791332,0.91124886,0.00000000,0.00000000,0.00000000
1.31184244,-0.17299040,1.07564354,0.00000000,0.00000000,0.00000000
1.30759991,-0.14427764,0.28469357,0.00000000,0.00000000,0.00000000
1.30566335,-0.13835090,0.28704986,0.00000000,0.00000000,0.00000000
1.30962157,-0.12696609,0.64494908,0.00000000,0.00000000,0.00000000
1.31579196,-0.07667514,1.32650435,0.00000000,0.00000000,0.00000000
1.31531036,-0.03592502,0.50401926,0.00000000,0.00000000,0.00000000
1.31540239,-0.02569021,0.54068023,0.00000000,0.00000000,0.00000000
1.30455661,-0.00939028,0.47536662,0.00000000,0.00000000,0.00000000
1.31303310,-0.00504001,0.58976954,0.00000000,0.00000000,0.00000000
1.31495643,-0.00428788,0.80129462,0.00000000,0.00000000,0.00000000
1.30823863,0.05661469,0.23640254,0.00000000,0.00000000,0.00000000
1.31176704,0.05668644,0.66864717,0.00000000,0.00000000,0.00000000
1.30552709,0.05532123,1.19046688,0.00000000,0.00000000,0.00000000
1.31349921,0.04946641,1.33139396,0.00000000,0.00000000,0.00000000
1.30278134,0.07556821,1.47696757,0.00000000,0.00000000,0.00000000
1.30214775,0.11382549,0.59446436,0.00000000,0.00000000,0.00000000
1.30934811,0.11425434,0.63145643,0.00000000,0.00000000,0.00000000
1.32038593,0.10709854,0.65741390,0.00000000,0.00000000,0.00000000
1.31527400,0.11815421,0.69458061,0.00000000,0.00000000,0.00000000
1.30937099,0.10888956,1.07346594,0.00000000,0.00000000,0.00000000
1.30175412,0.12271146,0.30206904,0.00000000,0.00000000,0.00000000
1.31832218,0.14109226,0.35569906,0.00000000,0.00000000,0.00000000
1.30577362,0.13448393,0.38666615,0.00000000,0.00000000,0.00000000
1.30356288,0.12921821,0.42052120,0.00000000,0.00000000,0.00000000
1.31204551,0.12859044,0.59192127,0.00000000,0.00000000,0.00000000
1.30424273,0.12150875,0.77344090,0.00000000,0.00000000,0.00000000
1.31064069,0.12917021,0.89151937,0.00000000,0.00000000,0.00000000
1.32113445,0.13065509,1.04226959,0.00000000,0.00000000,0.00000000
1.31266963,0.14370373,0.31711590,0.00000000,0.00000000,0.00000000
1.30473137,0.16351126,0.32114521,0.00000000,0.00000000,0.00000000
1.30834794,0.18015926,0.66855949,0.00000000,0.00000000,0.00000000
1.31098950,0.19366108,0.30851912,0.00000000,0.00000000,0.00000000
1.30275691,0.21475078,0.43147728,0.00000000,0.00000000,0.00000000
1.32625270,-0.26512676,0.55368727,0.00000000,0.00000000,0.00000000
1.32592833,-0.26400721,0.57502991,0.00000000,0.00000000,0.00000000
1.33846223,-0.20639171,0.46524653,0.00000000,0.00000000,0.00000000
1.33832085,-0.17211844,0.52315474,0.00000000,0.00000000,0.00000000
1.33146346,-0.17242281,0.68966377,0.00000000,0.00000000,0.00000000
1.32838702,-0.16812569,1.05183005,0.00000000,0.00000000,0.00000000
1.33436096,-0.16310523,1.17493999,0.00000000,0.00000000,0.00000000
1.32750845,-0.14841117,0.28572051,0.00000000,0.00000000,0.00000000
1.33529139,-0.14597730,0.30817541,0.00000000,0.00000000,0.00000000
1.33645248,-0.14553198,0.36804295,0.00000000,0.00000000,0.00000000
1.32767129,-0.15804039,0.57647431,0.00000000,0.00000000,0.00000000
1.33471763,-0.14074393,0.78951746,0.00000000,0.00000000,0.00000000
1.32919538,-0.15332521,0.90631127,0.00000000,0.00000000,0.00000000
1.32561982,-0.13193731,0.70420527,0.00000000,0.00000000,0.00000000
1.33074582,-0.10627396,1.27645707,0.00000000,0.00000000,0.00000000
1.33338213,-0.08251616,1.52949965,0.00000000,0.00000000,0.00000000
1.33615899,-0.07802437,1.29824281,0.00000000,0.00000000,0.00000000
1.32454956,-0.02243793,0.44958243,0.00000000,0.00000000,0.00000000
1.33246279,-0.02767586,1.01224965,0.00000000,0.00000000,0.00000000
1.33623254,-0.03215528,1.04592800,0.00000000,0.00000000,0.00000000
1.33804941,-0.03102764,1.11353111,0.00000000,0.00000000,0.00000000
1.33150494,-0.01280038,0.44948991,0.00000000,0.00000000,0.00000000
1.33352721,-0.01324767,0.47674769,0.00000000,0.00000000,0.00000000
1.33642495,-0.00525483,0.63770330,0.00000000,0.00000000,0.00000000
1.33376276,-0.00902697,0.87574324,0.00000000,0.00000000,0.00000000
1.33998120,-0.00905645,0.99436408,0.00000000,0.00000000,0.00000000
1.32793820,0.04159953,1.23886251,0.00000000,0.00000000,0.00000000
1.33969676,0.10766487,0.30095270,0.00000000,0.00000000,0.00000000
1.32416260,0.11055525,0.30146033,0.00000000,0.00000000,0.00000000
1.34144080,0.10226624,0.65135634,0.00000000,0.00000000,0.00000000
1.33357131,0.10822612,0.72321391,0.00000000,0.00000000,0.00000000
1.34058559,0.13453175,0.30703619,0.00000000,0.00000000,0.00000000
1.32285488,0.12698309,0.59354109,0.00000000,0.00000000,0.00000000
1.33574736,0.12944563,1.17702758,0.00000000,0.00000000,0.00000000
1.32806587,0.16195677,0.78081942,0.00000000,0.00000000,0.00000000
1.32733345,0.18799785,0.79152459,0.00000000,0.00000000,0.00000000
1.32916582,0.23400386,0.66055095,0.00000000,0.00000000,0.00000000
1.32691252,0.23463699,0.90264505,0.00000000,0.00000000,0.00000000
1.35765731,-0.30122605,1.24615014,0.00000000,0.00000000,0.00000000
1.35627079,-0.27101791,0.90591317,0.00000000,0.00000000,0.00000000
1.34666419,-0.24370043,0.79757857,0.00000000,0.00000000,0.00000000
1.36019313,-0.22381537,0.68431485,0.00000000,0.00000000,0.00000000
1.35238409,-0.16498964,0.53227716,0.00000000,0.00000000,0.00000000
1.35524070,-0.16213390,0.54325843,0.00000000,0.00000000,0.00000000
1.34735394,-0.17797671,1.15692723,0.00000000,0.00000000,0.00000000
1.35343063,-0.15157473,0.42747456,0.00000000,0.00000000,0.00000000
1.34806621,-0.15265296,0.58626485,0.00000000,0.00000000,0.00000000
1.34162903,-0.03317526,0.88808191,0.00000000,0.00000000,0.00000000
1.35747397,-0.01865396,1.13326073,0.00000000,0.00000000,0.00000000
1.35311985,-0.03240754,1.16830802,0.00000000,0.00000000,0.00000000
1.34473801,-0.01133564,0.45003089,0.00000000,0.00000000,0.00000000
1.34848881,-0.01026171,0.49314737,0.00000000,0.00000000,0.00000000
1.34840024,-0.00758107,0.68494207,0.00000000,0.00000000,0.00000000
1.35014415,-0.01030876,0.75922406,0.00000000,0.00000000,0.00000000
1.34360218,-0.01660055,1.13791513,0.00000000,0.00000000,0.00000000
1.34401953,0.01117609,0.53468174,0.00000000,0.00000000,0.00000000
1.34177899,0.04812610,1.29390335,0.00000000,0.00000000,0.00000000
1.36157787,0.07553875,0.67254388,0.00000000,0.00000000,0.00000000
1.35578048,0.06580010,1.41550064,0.00000000,0.00000000,0.00000000
1.34421802,0.08640787,0.66676223,0.00000000,0.00000000,0.00000000
1.35799527,0.11785195,0.75750917,0.00000000,0.00000000,0.00000000
1.35398722,0.12824203,0.62130594,0.00000000,0.00000000,0.00000000
1.34350121,0.12553093,1.14961612,0.00000000,0.00000000,0.00000000
1.34902513,0.14535144,0.49026743,0.00000000,0.00000000,0.00000000
1.35174704,0.21365549,0.76740611,0.00000000,0.00000000,0.00000000
1.34216964,0.25656670,0.42086589,0.00000000,0.00000000,0.00000000
1.34698653,0.28028554,1.23069167,0.00000000,0.00000000,0.00000000
1.37193370,-0.25312346,0.45365283,0.00000000,0.00000000,0.00000000
1.36218250,-0.23440860,0.53739476,0.00000000,0.00000000,0.00000000
1.37970126,-0.18962902,0.54555964,0.00000000,0.00000000,0.00000000
1.36526265,-0.16534899,0.53231462,0.00000000,0.00000000,0.00000000
1.37475471,-0.16325716,0.54893863,0.00000000,0.00000000,0.00000000
1.36442137,-0.17709692,0.62557524,0.00000000,0.00000000,0.00000000
1.36500239,-0.15463148,0.53468257,0.00000000,0.00000000,0.00000000
1.37325382,-0.15463060,0.55053443,0.00000000,0.00000000,0.00000000
1.36215889,-0.06019294,1.41090047,0.00000000,0.00000000,0.00000000
1.36589634,-0.03885718,1.20557356,0.00000000,0.00000000,0.00000000
1.36718059,-0.05773546,1.52528179,0.00000000,0.00000000,0.00000000
1.37372184,-0.02600571,0.98721147,0.00000000,0.00000000,0.00000000
1.36464775,-0.02604013,1.03986394,0.00000000,0.00000000,0.00000000
1.37756181,-0.03491507,1.13049328,0.00000000,0.00000000,0.00000000
1.37575948,-0.01773522,0.50294894,0.00000000,0.00000000,0.00000000
1.36596131,-0.01676052,0.94474047,0.00000000,0.00000000,0.00000000
1.36976147,-0.01165638,1.07407939,0.00000000,0.00000000,0.00000000
1.37806559,0.01256080,0.55166256,0.00000000,0.00000000,0.00000000
1.37758434,0.00705872,1.14980197,0.00000000,0.00000000,0.00000000
1.36523330,0.00255934,1.21695387,0.00000000,0.00000000,0.00000000
1.38017344,0.03940354,1.26671970,0.00000000,0.00000000,0.00000000
1.36543643,0.04177075,1.51498449,0.00000000,0.00000000,0.00000000
1.37940991,0.06835115,0.27631769,0.00000000,0.00000000,0.00000000
1.38097274,0.09647025,0.24317360,0.00000000,0.00000000,0.00000000
1.37479317,0.14104930,0.30641881,0.00000000,0.00000000,0.00000000
1.37646008,0.12333249,0.79397118,0.00000000,0.00000000,0.00000000
1.37786925,0.13596785,1.47114098,0.00000000,0.00000000,0.00000000
1.37703478,0.14601381,0.23770288,0.00000000,0.00000000,0.00000000
1.37398517,0.15332617,1.26580727,0.00000000,0.00000000,0.00000000
1.37293100,0.21323812,0.27359250,0.00000000,0.00000000,0.00000000
1.37326771,0.21223260,0.89320400,0.00000000,0.00000000,0.00000000
1.36830401,0.24389277,1.07236660,0.00000000,0.00000000,0.00000000
1.37542832,0.26535419,0.75399292,0.00000000,0.00000000,0.00000000
1.37782204,0.27856058,1.02636302,0.00000000,0.00000000,0.00000000
1.38158238,0.29838267,0.41025451,0.00000000,0.00000000,0.00000000
1.37429082,0.28623438,0.65737641,0.00000000,0.00000000,0.00000000
1.38892269,-0.27520791,0.67896581,0.00000000,0.00000000,0.00000000
1.39853799,-0.24476792,0.90097111,0.00000000,0.00000000,0.00000000
1.38699174,-0.19375288,0.54993963,0.00000000,0.00000000,0.00000000
1.39036286,-0.19497015,0.78831881,0.00000000,0.00000000,0.00000000
1.38924885,-0.18621306,1.25495851,0.00000000,0.00000000,0.00000000
1.40030503,-0.17480257,0.53053284,0.00000000,0.00000000,0.00000000
1.39052224,-0.15813836,0.58319020,0.00000000,0.00000000,0.00000000
1.38299572,-0.14800802,1.26045978,0.00000000,0.00000000,0.00000000
1.38173532,-0.12108013,1.30661571,0.00000000,0.00000000,0.00000000
1.38367689,-0.10867166,0.30484059,0.00000000,0.00000000,0.00000000
1.39021921,-0.08734260,1.39089811,0.00000000,0.00000000,0.00000000
1.38763404,-0.02435293,0.83628654,0.00000000,0.00000000,0.00000000
1.38665342,-0.02645791,1.22541404,0.00000000,0.00000000,0.00000000
1.38194191,-0.01907206,1.25640297,0.00000000,0.00000000,0.00000000
1.38555133,-0.00497993,0.81209463,0.00000000,0.00000000,0.00000000
1.40063846,0.01278271,0.59877568,0.00000000,0.00000000,0.00000000
1.39626443,0.03904546,1.38711154,0.00000000,0.00000000,0.00000000
1.38943118,0.05611528,0.28762776,0.00000000,0.00000000,0.00000000
1.39712310,0.06578482,0.29542133,0.00000000,0.00000000,0.00000000
1.38745010,0.06962563,1.52511358,0.00000000,0.00000000,0.00000000
1.38925183,0.11561315,1.25181127,0.00000000,0.00000000,0.00000000
1.38690472,0.13285968,0.77998722,0.00000000,0.00000000,0.00000000
1.39389372,0.12582605,0.86013287,0.00000000,0.00000000,0.00000000
1.38851118,0.16585702,0.27008694,0.00000000,0.00000000,0.00000000
1.38589287,0.24636881,1.25736809,0.00000000,0.00000000,0.00000000
1.39605129,0.27982616,0.99308419,0.00000000,0.00000000,0.00000000
1.38734007,0.31322837,0.98035949,0.00000000,0.00000000,0.00000000
1.40540516,-0.29985526,0.44205913,0.00000000,0.00000000,0.00000000
1.40295422,-0.29930240,0.67048818,0.00000000,0.00000000,0.00000000
1.40309978,-0.27939782,1.27598536,0.00000000,0.00000000,0.00000000
1.40686595,-0.27050403,1.16471744,0.00000000,0.00000000,0.00000000
1.42134535,-0.23059732,1.13830149,0.00000000,0.00000000,0.00000000
1.40231121,-0.18313156,0.78326434,0.00000000,0.00000000,0.00000000
1.41014898,-0.17156844,0.51135886,0.00000000,0.00000000,0.00000000
1.40451181,-0.15449733,0.59458315,0.00000000,0.00000000,0.00000000
1.40792513,-0.04338617,0.35510141,0.00000000,0.00000000,0.00000000
1.41976774,-0.04302878,1.22948849,0.00000000,0.00000000,0.00000000
1.40313518,0.01513089,0.25963798,0.00000000,0.00000000,0.00000000
1.40858072,0.01714247,0.35069717,0.00000000,0.00000000,0.00000000
1.42021751,0.01841910,0.36568627,0.00000000,0.00000000,0.00000000
1.41009486,0.00923663,0.64261395,0.00000000,0.00000000,0.00000000
1.40680313,0.00320162,0.70935899,0.00000000,0.00000000,0.00000000
1.40785754,0.01405682,1.21409142,0.00000000,0.00000000,0.00000000
1.41175520,0.01000292,1.28114653,0.00000000,0.00000000,0.00000000
1.40305865,0.09289088,0.98514754,0.00000000,0.00000000,0.00000000
1.40756917,0.11907525,0.97178870,0.00000000,0.00000000,0.00000000
1.40979105,0.12713121,0.33661513,0.00000000,0.00000000,0.00000000
1.41341960,0.12548739,0.34305638,0.00000000,0.00000000,0.00000000
1.40301478,0.16532730,0.34961864,0.00000000,0.00000000,0.00000000
1.41124928,0.21542680,1.11648023,0.00000000,0.00000000,0.00000000
1.40954018,0.25256681,0.64624196,0.00000000,0.00000000,0.00000000
1.40419590,0.25879204,0.86978596,0.00000000,0.00000000,0.00000000
1.43974519,-0.30780131,0.61073369,0.00000000,0.00000000,0.00000000
1.43772626,-0.26454529,0.66138631,0.00000000,0.00000000,0.00000000
1.43043661,-0.27490523,1.10025764,0.00000000,0.00000000,0.00000000
1.42715287,-0.24118386,0.78340709,0.00000000,0.00000000,0.00000000
1.43766332,-0.20644365,0.87861133,0.00000000,0.00000000,0.00000000
1.43741858,-0.20787561,1.01337850,0.00000000,0.00000000,0.00000000
1.44085336,-0.16094853,1.09021354,0.00000000,0.00000000,0.00000000
1.42678869,-0.15269722,0.35987604,0.00000000,0.00000000,0.00000000
1.43018699,-0.15308388,0.65222621,0.00000000,0.00000000,0.00000000
1.44093609,-0.06822186,0.39658138,0.00000000,0.00000000,0.00000000
1.43856100,-0.07272650,1.55444733,0.00000000,0.00000000,0.00000000
1.43122315,-0.07156466,1.56252694,0.00000000,0.00000000,0.00000000
1.43039525,-0.04687547,1.30048418,0.00000000,0.00000000,0.00000000
1.44137931,-0.05095378,1.47508514,0.00000000,0.00000000,0.00000000
1.43468046,-0.03573045,1.30538595,0.00000000,0.00000000,0.00000000
1.42643428,0.00103787,1.32598472,0.00000000,0.00000000,0.00000000
1.42442644,0.02263630,0.36708358,0.00000000,0.00000000,0.00000000
1.43226421,0.04857723,0.31640908,0.00000000,0.00000000,0.00000000
1.43814003,0.06005605,1.49133205,0.00000000,0.00000000,0.00000000
1.43320084,0.07479224,1.47895706,0.00000000,0.00000000,0.00000000
1.42782807,0.08952893,0.27155244,0.00000000,0.00000000,0.00000000
1.42835212,0.09098729,1.13604712,0.00000000,0.00000000,0.00000000
1.42194843,0.10275781,0.39905423,0.00000000,0.00000000,0.00000000
1.43027055,0.10294934,1.10605299,0.00000000,0.00000000,0.00000000
1.42629623,0.13450894,0.34522268,0.00000000,0.00000000,0.00000000
1.42639911,0.15211329,0.88312697,0.00000000,0.00000000,0.00000000
1.43275976,0.17567845,1.09509408,0.00000000,0.00000000,0.00000000
1.43729329,0.16870798,1.32807219,0.00000000,0.00000000,0.00000000
1.42479920,0.21245207,1.28404438,0.00000000,0.00000000,0.00000000
1.43291318,0.24719661,0.98433709,0.00000000,0.00000000,0.00000000
1.43221021,0.30459207,0.84707475,0.00000000,0.00000000,0.00000000
1.43457365,0.34261316,0.63147014,0.00000000,0.00000000,0.00000000
1.45725667,-0.33355057,0.84647357,0.00000000,0.00000000,0.00000000
1.45982635,-0.33251014,1.00195301,0.00000000,0.00000000,0.00000000
1.44513142,-0.30370769,1.05110538,0.00000000,0.00000000,0.00000000
1.44664168,-0.27852231,1.00497425,0.00000000,0.00000000,0.00000000
1.44854212,-0.25756964,1.30582070,0.00000000,0.00000000,0.00000000
1.44702661,-0.22782254,0.90688282,0.00000000,0.00000000,0.00000000
1.45462358,-0.18639824,0.98004866,0.00000000,0.00000000,0.00000000
1.44819021,-0.19324231,1.08410072,0.00000000,0.00000000,0.00000000
1.44821286,-0.17857809,0.88556105,0.00000000,0.00000000,0.00000000
1.45061660,-0.14254063,0.28042337,0.00000000,0.00000000,0.00000000
1.44951499,-0.15448077,0.70518959,0.00000000,0.00000000,0.00000000
1.46004272,-0.10314073,0.42778957,0.00000000,0.00000000,0.00000000
1.45142674,-0.07192271,0.32881784,0.00000000,0.00000000,0.00000000
1.44298542,-0.05994214,0.39229652,0.00000000,0.00000000,0.00000000
1.44684303,-0.05706209,1.56843090,0.00000000,0.00000000,0.00000000
1.45604610,0.01086570,0.77530479,0.00000000,0.00000000,0.00000000
1.44595110,0.00675267,1.25802624,0.00000000,0.00000000,0.00000000
1.45544791,0.05287908,0.33662245,0.00000000,0.00000000,0.00000000
1.45233119,0.05461664,1.54970127,0.00000000,0.00000000,0.00000000
1.45628536,0.12348657,0.36320901,0.00000000,0.00000000,0.00000000
1.45873976,0.18745837,0.63061929,0.00000000,0.00000000,0.00000000
1.45293057,0.21592662,0.40359876,0.00000000,0.00000000,0.00000000
1.45628595,0.47372496,1.25715351,0.00000000,0.00000000,0.00000000
1.46228385,-0.46057743,0.86973071,0.00000000,0.00000000,0.00000000
1.46161914,-0.37789240,0.74036646,0.00000000,0.00000000,0.00000000
1.46394265,-0.28739762,0.77849537,0.00000000,0.00000000,0.00000000
1.47822762,-0.24052654,0.99731582,0.00000000,0.00000000,0.00000000
1.46844935,-0.18101841,0.35025746,0.00000000,0.00000000,0.00000000
1.48098779,-0.19527999,0.64020050,0.00000000,0.00000000,0.00000000
1.46164393,-0.19822980,1.06384122,0.00000000,0.00000000,0.00000000
1.47898173,-0.18726264,1.35514891,0.00000000,0.00000000,0.00000000
1.46466672,-0.15960260,0.77449203,0.00000000,0.00000000,0.00000000
1.46206534,-0.17065799,0.86401004,0.00000000,0.00000000,0.00000000
1.47698200,-0.17104784,1.14235032,0.00000000,0.00000000,0.00000000
1.46784830,-0.14140020,1.32068193,0.00000000,0.00000000,0.00000000
1.46655428,-0.10279186,0.05362868,0.00000000,0.00000000,0.00000000
1.47365284,-0.11339117,0.07724541,0.00000000,0.00000000,0.00000000
1.46461785,-0.05425732,0.18540029,0.00000000,0.00000000,0.00000000
1.47237730,-0.03026763,0.47521260,0.00000000,0.00000000,0.00000000
1.47326368,-0.01936746,1.27893287,0.00000000,0.00000000,0.00000000
1.47499800,-0.00266865,0.44520086,0.00000000,0.00000000,0.00000000
1.47482872,0.01412756,0.13594531,0.00000000,0.00000000,0.00000000
1.47334945,0.01905704,0.38861236,0.00000000,0.00000000,0.00000000
1.46440053,0.00339088,1.32106316,0.00000000,0.00000000,0.00000000
1.46419084,0.03038076,0.59854370,0.00000000,0.00000000,0.00000000
1.46670473,0.05945291,0.34660929,0.00000000,0.00000000,0.00000000
1.46180862,0.05494361,1.54709357,0.00000000,0.00000000,0.00000000
1.47352886,0.06389372,0.35548696,0.00000000,0.00000000,0.00000000
1.48109031,0.06217661,0.36446905,0.00000000,0.00000000,0.00000000
1.47524405,0.06824405,1.55903602,0.00000000,0.00000000,0.00000000
1.47458126,0.08449997,0.05432303,0.00000000,0.00000000,0.00000000
1.47190177,0.09068418,0.28893822,0.00000000,0.00000000,0.00000000
1.46192551,0.08902075,1.19024992,0.00000000,0.00000000,0.00000000
1.46842277,0.10426947,1.05475533,0.00000000,0.00000000,0.00000000
1.46350515,0.10200313,1.21503484,0.00000000,0.00000000,0.00000000
1.47183663,0.13003029,0.27171721,0.00000000,0.00000000,0.00000000
1.47960114,0.31587240,0.87011069,0.00000000,0.00000000,0.00000000
1.47967720,0.40166000,0.78240222,0.00000000,0.00000000,0.00000000
1.46931744,0.42789721,1.29237771,0.00000000,0.00000000,0.00000000
1.48531699,-0.61078137,1.11136794,0.00000000,0.00000000,0.00000000
1.48575342,-0.50125355,1.24775743,0.00000000,0.00000000,0.00000000
1.49656272,-0.45813468,1.28460026,0.00000000,0.00000000,0.00000000
1.48617411,-0.34372559,0.62058324,0.00000000,0.00000000,0.00000000
1.48782408,-0.35852814,0.97454298,0.00000000,0.00000000,0.00000000
1.48788011,-0.29503667,0.83759165,0.00000000,0.00000000,0.00000000
1.49259293,-0.25901365,0.88609236,0.00000000,0.00000000,0.00000000
1.48168278,-0.21012859,1.13988972,0.00000000,0.00000000,0.00000000
1.48539722,-0.14977103,0.38979679,0.00000000,0.00000000,0.00000000
1.49238334,-0.13605805,0.05028873,0.00000000,0.00000000,0.00000000
1.49663794,-0.10003347,0.38248777,0.00000000,0.00000000,0.00000000
1.49018872,-0.10729634,0.44842771,0.00000000,0.00000000,0.00000000
1.48481512,-0.09971004,1.48040581,0.00000000,0.00000000,0.00000000
1.50136065,-0.09089661,0.40354976,0.00000000,0.00000000,0.00000000
1.48964775,-0.07359482,0.39445725,0.00000000,0.00000000,0.00000000
1.48465693,-0.05580410,0.72713703,0.00000000,0.00000000,0.00000000
1.48186707,-0.01907772,1.27640784,0.00000000,0.00000000,0.00000000
1.49846786,-0.02054478,1.33694845,0.00000000,0.00000000,0.00000000
1.48234439,-0.01327013,1.27582586,0.00000000,0.00000000,0.00000000
1.48714530,-0.00509042,1.28735185,0.00000000,0.00000000,0.00000000
1.48626208,0.00359380,0.43696693,0.00000000,0.00000000,0.00000000
1.48540789,0.01792562,0.61080211,0.00000000,0.00000000,0.00000000
1.49439931,0.01502983,1.37366438,0.00000000,0.00000000,0.00000000
1.50004625,0.02431183,0.40869287,0.00000000,0.00000000,0.00000000
1.49532562,0.03628255,0.60073015,0.00000000,0.00000000,0.00000000
1.48821682,0.03236503,0.60696222,0.00000000,0.00000000,0.00000000
1.49668662,0.03024126,0.62492563,0.00000000,0.00000000,0.00000000
1.49006939,0.02692812,1.47788441,0.00000000,0.00000000,0.00000000
1.49085224,0.06111690,0.19906718,0.00000000,0.00000000,0.00000000
1.49676752,0.05148813,0.39721438,0.00000000,0.00000000,0.00000000
1.48925149,0.04813452,0.60344416,0.00000000,0.00000000,0.00000000
1.48878193,0.06694496,0.43795890,0.00000000,0.00000000,0.00000000
1.49573672,0.08985318,0.07904639,0.00000000,0.00000000,0.00000000
1.48789871,0.09402742,1.35772729,0.00000000,0.00000000,0.00000000
1.50058091,0.12033386,0.05159886,0.00000000,0.00000000,0.00000000
1.49638873,0.10318982,0.96543264,0.00000000,0.00000000,0.00000000
1.48890513,0.12986713,0.38738394,0.00000000,0.00000000,0.00000000
1.49254227,0.13726878,1.51146460,0.00000000,0.00000000,0.00000000
1.48173308,0.16127849,0.25448465,0.00000000,0.00000000,0.00000000
1.49474955,0.18106522,1.05876231,0.00000000,0.00000000,0.00000000
1.48579240,0.18384595,0.97167802,0.00000000,0.00000000,0.00000000
1.49371183,0.20167840,0.33234000,0.00000000,0.00000000,0.00000000
1.48856819,0.36470202,0.63555485,0.00000000,0.00000000,0.00000000
1.48234892,0.38206944,1.32760179,0.00000000,0.00000000,0.00000000
1.49819410,0.44990247,0.92098820,0.00000000,0.00000000,0.00000000
1.51693261,-0.48028532,0.88175589,0.00000000,0.00000000,0.00000000
1.51276791,-0.40469220,0.75376576,0.00000000,0.00000000,0.00000000
1.50737202,-0.41501579,1.32144296,0.00000000,0.00000000,0.00000000
1.51232481,-0.39022344,1.09073949,0.00000000,0.00000000,0.00000000
1.51258254,-0.31850821,0.95764852,0.00000000,0.00000000,0.00000000
1.51000297,-0.25465390,1.08717585,0.00000000,0.00000000,0.00000000
1.51724827,-0.22109216,0.80810064,0.00000000,0.00000000,0.00000000
1.51581800,-0.17384990,0.39615229,0.00000000,0.00000000,0.00000000
1.51658253,-0.16642518,0.96801255,0.00000000,0.00000000,0.00000000
1.50227165,-0.13659681,0.07131693,0.00000000,0.00000000,0.00000000
1.50710618,-0.13604030,0.48759419,0.00000000,0.00000000,0.00000000
1.50533521,-0.13065840,0.67807573,0.00000000,0.00000000,0.00000000
1.50430596,-0.10769800,0.65796494,0.00000000,0.00000000,0.00000000
1.52078700,-0.09073343,0.40833832,0.00000000,0.00000000,0.00000000
1.50856507,-0.07763533,0.22787589,0.00000000,0.00000000,0.00000000
1.51058757,-0.07185805,0.32784709,0.00000000,0.00000000,0.00000000
1.50631048,-0.05578834,0.05407828,0.00000000,0.00000000,0.00000000
1.51944673,-0.02297261,0.45280895,0.00000000,0.00000000,0.00000000
1.50956118,-0.01984926,1.33532166,0.00000000,0.00000000,0.00000000
1.51993728,-0.00580987,0.38038027,0.00000000,0.00000000,0.00000000
1.51121116,-0.01416119,1.33538473,0.00000000,0.00000000,0.00000000
1.51647842,-0.00943469,1.34689462,0.00000000,0.00000000,0.00000000
1.51736188,0.01509651,0.61312610,0.00000000,0.00000000,0.00000000
1.50988388,0.02858183,0.41967767,0.00000000,0.00000000,0.00000000
1.51537710,0.02696136,0.43409537,0.00000000,0.00000000,0.00000000
1.51788175,0.03025546,0.62395144,0.00000000,0.00000000,0.00000000
1.51878035,0.05250263,0.38507700,0.00000000,0.00000000,0.00000000
1.52128116,0.05406373,0.40249627,0.00000000,0.00000000,0.00000000
1.50782847,0.06957716,0.41578501,0.00000000,0.00000000,0.00000000
1.51123154,0.07221349,1.25775146,0.00000000,0.00000000,0.00000000
1.51734293,0.07009867,1.51116478,0.00000000,0.00000000,0.00000000
1.50268596,0.11708151,0.05193877,0.00000000,0.00000000,0.00000000
1.50943736,0.10999886,0.96642288,0.00000000,0.00000000,0.00000000
1.50632250,0.11990143,1.27094996,0.00000000,0.00000000,0.00000000
1.50210917,0.12518737,0.28400049,0.00000000,0.00000000,0.00000000
1.50555146,0.13617888,0.40110928,0.00000000,0.00000000,0.00000000
1.51513290,0.13141176,0.41330665,0.00000000,0.00000000,0.00000000
1.51735353,0.13046072,0.95866460,0.00000000,0.00000000,0.00000000
1.51437670,0.16815569,0.45070964,0.00000000,0.00000000,0.00000000
1.51771724,0.16256015,1.35547471,0.00000000,0.00000000,0.00000000
1.50452542,0.20663019,0.33400235,0.00000000,0.00000000,0.00000000
1.50283110,0.27549875,0.85193545,0.00000000,0.00000000,0.00000000
1.52146375,0.31344166,1.00646031,0.00000000,0.00000000,0.00000000
1.50531304,0.31822246,1.07247317,0.00000000,0.00000000,0.00000000
1.51904321,0.52037144,1.36848593,0.00000000,0.00000000,0.00000000
1.53718162,-0.55027181,1.32713091,0.00000000,0.00000000,0.00000000
1.53757703,-0.44169736,1.26620686,0.00000000,0.00000000,0.00000000
1.53260291,-0.37964991,0.63043272,0.00000000,0.00000000,0.00000000
1.53233349,-0.35346749,1.06337798,0.00000000,0.00000000,0.00000000
1.54139817,-0.31192669,1.13820446,0.00000000,0.00000000,0.00000000
1.53815913,-0.29020473,0.86530191,0.00000000,0.00000000,0.00000000
1.53993022,-0.29362199,1.00565147,0.00000000,0.00000000,0.00000000
1.53186440,-0.24828313,0.91526407,0.00000000,0.00000000,0.00000000
1.52597737,-0.22187875,1.22447944,0.00000000,0.00000000,0.00000000
1.52881998,-0.16505979,0.96548489,0.00000000,0.00000000,0.00000000
1.53272831,-0.14560053,0.96795160,0.00000000,0.00000000,0.00000000
1.53117144,-0.15523304,1.17786515,0.00000000,0.00000000,0.00000000
1.52666223,-0.14854291,1.35755718,0.00000000,0.00000000,0.00000000
1.53564262,-0.12096108,0.44823149,0.00000000,0.00000000,0.00000000
1.54118228,-0.13250248,0.46363136,0.00000000,0.00000000,0.00000000
1.53614008,-0.13255972,0.55521977,0.00000000,0.00000000,0.00000000
1.53589642,-0.11778422,0.38947627,0.00000000,0.00000000,0.00000000
1.52631508,-0.08959944,0.04940755,0.00000000,0.00000000,0.00000000
1.52900517,-0.08792965,0.06205195,0.00000000,0.00000000,0.00000000
1.52290845,-0.08893719,0.40445689,0.00000000,0.00000000,0.00000000
1.53425193,-0.03917124,0.43786070,0.00000000,0.00000000,0.00000000
1.52187753,-0.04763696,1.37695587,0.00000000,0.00000000,0.00000000
1.52611160,-0.05573705,1.50466657,0.00000000,0.00000000,0.00000000
1.52827072,-0.01106223,0.44563365,0.00000000,0.00000000,0.00000000
1.53771782,0.00087287,0.46276119,0.00000000,0.00000000,0.00000000
1.52636456,0.00753659,0.49922231,0.00000000,0.00000000,0.00000000
1.52297330,0.00513175,0.62773824,0.00000000,0.00000000,0.00000000
1.53585410,0.01697131,0.64353335,0.00000000,0.00000000,0.00000000
1.54150176,0.00707726,0.75653118,0.00000000,0.00000000,0.00000000
1.53274596,0.02874237,0.63357693,0.00000000,0.00000000,0.00000000
1.52273911,0.05190082,0.40342364,0.00000000,0.00000000,0.00000000
1.53760014,0.07108952,0.05275845,0.00000000,0.00000000,0.00000000
1.53424156,0.06846050,0.40136433,0.00000000,0.00000000,0.00000000
1.53937328,0.06762971,0.40431389,0.00000000,0.00000000,0.00000000
1.52186608,0.11649923,0.07118732,0.00000000,0.00000000,0.00000000
1.53924704,0.10975093,0.40422916,0.00000000,0.00000000,0.00000000
1.53488791,0.11152740,0.45527661,0.00000000,0.00000000,0.00000000
1.53459764,0.11949645,0.49478796,0.00000000,0.00000000,0.00000000
1.52195287,0.12879220,0.29911003,0.00000000,0.00000000,0.00000000
1.53689063,0.13433207,0.31118912,0.00000000,0.00000000,0.00000000
1.53686885,0.13368724,0.62925092,0.00000000,0.00000000,0.00000000
1.52512467,0.14700371,0.43360478,0.00000000,0.00000000,0.00000000
1.53847301,0.15653245,0.94764119,0.00000000,0.00000000,0.00000000
1.53238308,0.20366795,0.82129210,0.00000000,0.00000000,0.00000000
1.52326143,0.24562716,1.09727526,0.00000000,0.00000000,0.00000000
1.53661561,0.27457044,0.97890210,0.00000000,0.00000000,0.00000000
1.53014612,0.27667701,1.05993164,0.00000000,0.00000000,0.00000000
1.53817189,0.27854159,1.10199916,0.00000000,0.00000000,0.00000000
1.53733444,0.41089031,0.78701591,0.00000000,0.00000000,0.00000000
1.53566849,0.54802316,1.16806269,0.00000000,0.00000000,0.00000000
1.53680658,0.55185556,1.32507801,0.00000000,0.00000000,0.00000000
1.54412985,-0.61469042,1.11703563,0.00000000,0.00000000,0.00000000
1.56125188,-0.42150399,1.22706962,0.00000000,0.00000000,0.00000000
1.54444587,-0.39276958,1.15107036,0.00000000,0.00000000,0.00000000
1.55945134,-0.34988263,1.16528642,0.00000000,0.00000000,0.00000000
1.55204129,-0.17443627,1.20645797,0.00000000,0.00000000,0.00000000
1.54453123,-0.14717744,0.43616045,0.00000000,0.00000000,0.00000000
1.55574262,-0.14122714,0.46114435,0.00000000,0.00000000,0.00000000
1.55923724,-0.14303017,0.46194437,0.00000000,0.00000000,0.00000000
1.55367118,-0.11920065,0.04810278,0.00000000,0.00000000,0.00000000
1.55502665,-0.13479285,0.53783321,0.00000000,0.00000000,0.00000000
1.54689682,-0.13642290,0.96552157,0.00000000,0.00000000,0.00000000
1.55506396,-0.11698848,0.05232904,0.00000000,0.00000000,0.00000000
1.54305482,-0.09895028,0.40013757,0.00000000,0.00000000,0.00000000
1.54834080,-0.10886727,0.48478670,0.00000000,0.00000000,0.00000000
1.55230075,-0.08610203,0.40353662,0.00000000,0.00000000,0.00000000
1.54202199,-0.07597232,0.40613416,0.00000000,0.00000000,0.00000000
1.54968429,-0.06702368,0.66474700,0.00000000,0.00000000,0.00000000
1.55480862,-0.05139934,0.08550830,0.00000000,0.00000000,0.00000000
1.54417852,-0.03104916,0.45491006,0.00000000,0.00000000,0.00000000
1.54350698,-0.00712635,0.46785571,0.00000000,0.00000000,0.00000000
1.56007373,-0.00587024,0.77947557,0.00000000,0.00000000,0.00000000
1.55788004,0.01011667,0.45538184,0.00000000,0.00000000,0.00000000
1.54705703,0.00970138,0.47377862,0.00000000,0.00000000,0.00000000
1.54606366,0.01949236,0.62427890,0.00000000,0.00000000,0.00000000
1.55154080,0.05497289,0.05246758,0.00000000,0.00000000,0.00000000
1.54979753,0.05075071,0.39817646,0.00000000,0.00000000,0.00000000
1.54891729,0.08409616,0.08646870,0.00000000,0.00000000,0.00000000
1.55255938,0.11479861,0.41939300,0.00000000,0.00000000,0.00000000
1.55227888,0.11988379,0.43800977,0.00000000,0.00000000,0.00000000
1.55295780,0.11058721,0.46270390,0.00000000,0.00000000,0.00000000
1.54852450,0.13223386,0.32557911,0.00000000,0.00000000,0.00000000
1.55880733,0.13082515,0.42913100,0.00000000,0.00000000,0.00000000
1.55105925,0.12153209,0.45806518,0.00000000,0.00000000,0.00000000
1.55022848,0.12637594,0.47359011,0.00000000,0.00000000,0.00000000
1.54305243,0.13396679,0.62974942,0.00000000,0.00000000,0.00000000
1.55132794,0.13752632,0.64738721,0.00000000,0.00000000,0.00000000
1.54666042,0.14893463,0.62493211,0.00000000,0.00000000,0.00000000
1.55656779,0.15301694,0.64869094,0.00000000,0.00000000,0.00000000
1.55311946,0.14388347,0.90361534,0.00000000,0.00000000,0.00000000
1.54940009,0.16906440,0.43188116,0.00000000,0.00000000,0.00000000
1.55298519,0.20682992,0.93364972,0.00000000,0.00000000,0.00000000
1.54444659,0.28719297,1.11526072,0.00000000,0.00000000,0.00000000
1.55664062,0.31240714,1.11707497,0.00000000,0.00000000,0.00000000
1.54256284,0.38679087,0.63963962,0.00000000,0.00000000,0.00000000
1.55668247,0.45263726,0.92004496,0.00000000,0.00000000,0.00000000
1.55457020,0.58333981,1.28167009,0.00000000,0.00000000,0.00000000
1.57228148,-0.57755280,1.29516768,0.00000000,0.00000000,0.00000000
1.57158124,-0.49999321,0.89378107,0.00000000,0.00000000,0.00000000
1.56391680,-0.43149197,0.76716501,0.00000000,0.00000000,0.00000000
1.57700896,-0.21267404,0.47765058,0.00000000,0.00000000,0.00000000
1.57109010,-0.21640798,0.48228535,0.00000000,0.00000000,0.00000000
1.57377928,-0.20143773,1.23507845,0.00000000,0.00000000,0.00000000
1.56491899,-0.16373140,0.25978941,0.00000000,0.00000000,0.00000000
1.57261658,-0.16798173,0.56518883,0.00000000,0.00000000,0.00000000
1.56442940,-0.14778186,0.53738226,0.00000000,0.00000000,0.00000000
1.56722093,-0.15588453,1.37877977,0.00000000,0.00000000,0.00000000
1.58157670,-0.12606983,0.22729826,0.00000000,0.00000000,0.00000000
1.56845927,-0.12791793,0.45837918,0.00000000,0.00000000,0.00000000
1.57018310,-0.12459134,0.47085290,0.00000000,0.00000000,0.00000000
1.58087695,-0.12206854,0.50599372,0.00000000,0.00000000,0.00000000
1.58052021,-0.10897717,0.19463885,0.00000000,0.00000000,0.00000000
1.56634152,-0.11730395,0.64874595,0.00000000,0.00000000,0.00000000
1.57887781,-0.10057575,0.66875988,0.00000000,0.00000000,0.00000000
1.57834375,-0.07954717,0.08115504,0.00000000,0.00000000,0.00000000
1.56748068,-0.08146926,0.14013141,0.00000000,0.00000000,0.00000000
1.56886780,-0.09309398,0.68957937,0.00000000,0.00000000,0.00000000
1.58069873,-0.07256338,1.50503016,0.00000000,0.00000000,0.00000000
1.57954795,-0.04688906,0.09018861,0.00000000,0.00000000,0.00000000
1.56502295,-0.05091995,0.12620173,0.00000000,0.00000000,0.00000000
1.56910431,-0.05058346,0.24233624,0.00000000,0.00000000,0.00000000
1.57759702,-0.03147170,0.45638080,0.00000000,0.00000000,0.00000000
1.56788377,-0.01559350,0.45755713,0.00000000,0.00000000,0.00000000
1.57535964,0.01012284,0.47054121,0.00000000,0.00000000,0.00000000
1.56286299,0.00669487,1.39212048,0.00000000,0.00000000,0.00000000
1.57079494,0.03204824,0.40618262,0.00000000,0.00000000,0.00000000
1.57213414,0.02234948,0.46935496,0.00000000,0.00000000,0.00000000
1.56302387,0.05220095,0.40313537,0.00000000,0.00000000,0.00000000
1.56228924,0.04795570,0.57837313,0.00000000,0.00000000,0.00000000
1.57615072,0.05263399,1.50765502,0.00000000,0.00000000,0.00000000
1.57807196,0.08902236,0.05002077,0.00000000,0.00000000,0.00000000
1.56997216,0.08575098,0.96208358,0.00000000,0.00000000,0.00000000
1.56604972,0.10351175,0.05104256,0.00000000,0.00000000,0.00000000
1.57480991,0.10913566,0.07321373,0.00000000,0.00000000,0.00000000
1.57026303,0.11087099,0.42056608,0.00000000,0.00000000,0.00000000
1.56965768,0.11291678,1.51098454,0.00000000,0.00000000,0.00000000
1.57454157,0.13153857,0.35990736,0.00000000,0.00000000,0.00000000
1.57598025,0.12521200,0.36800844,0.00000000,0.00000000,0.00000000
1.56228709,0.13188612,0.40259627,0.00000000,0.00000000,0.00000000
1.56965967,0.13537853,0.43123824,0.00000000,0.00000000,0.00000000
1.56713322,0.13570980,0.45378789,0.00000000,0.00000000,0.00000000
1.56287777,0.12631245,1.29636407,0.00000000,0.00000000,0.00000000
1.56848872,0.13746889,1.35952199,0.00000000,0.00000000,0.00000000
1.58047783,0.13193236,1.36157620,0.00000000,0.00000000,0.00000000
1.58113074,0.14342292,0.35530356,0.00000000,0.00000000,0.00000000
1.56452578,0.14179064,0.42754279,0.00000000,0.00000000,0.00000000
1.56669265,0.15143996,0.45843434,0.00000000,0.00000000,0.00000000
1.57543755,0.14278616,0.62919366,0.00000000,0.00000000,0.00000000
1.57023901,0.15331171,0.90595111,0.00000000,0.00000000,0.00000000
1.57640958,0.14318910,0.93818986,0.00000000,0.00000000,0.00000000
1.57965899,0.17993082,0.42567185,0.00000000,0.00000000,0.00000000
1.56475019,0.17744111,0.46590590,0.00000000,0.00000000,0.00000000
1.56960976,0.16791826,0.62047231,0.00000000,0.00000000,0.00000000
1.57356489,0.17248997,0.90081364,0.00000000,0.00000000,0.00000000
1.56831336,0.19807035,0.30753422,0.00000000,0.00000000,0.00000000
1.57224298,0.20688707,1.03982317,0.00000000,0.00000000,0.00000000
1.56269240,0.22283834,1.02005041,0.00000000,0.00000000,0.00000000
1.56335509,0.27892181,1.08055580,0.00000000,0.00000000,0.00000000
1.57350206,0.29314020,1.15535915,0.00000000,0.00000000,0.00000000
1.56525278,0.34587032,1.18619430,0.00000000,0.00000000,0.00000000
1.59965003,-0.61529940,1.34384561,0.00000000,0.00000000,0.00000000
1.58549166,-0.33269545,1.11950576,0.00000000,0.00000000,0.00000000
1.59375429,-0.26848862,1.08254659,0.00000000,0.00000000,0.00000000
1.58573234,-0.20208859,1.23983073,0.00000000,0.00000000,0.00000000
1.58555114,-0.19929443,1.25357664,0.00000000,0.00000000,0.00000000
1.59577048,-0.18440184,0.88894138,0.00000000,0.00000000,0.00000000
1.59119356,-0.15886332,0.31823808,0.00000000,0.00000000,0.00000000
1.58310318,-0.17445329,0.95280111,0.00000000,0.00000000,0.00000000
1.58411998,-0.16002532,1.37767196,0.00000000,0.00000000,0.00000000
1.58918095,-0.14678898,0.45460305,0.00000000,0.00000000,0.00000000
1.59236157,-0.14938624,0.49139234,0.00000000,0.00000000,0.00000000
1.58411586,-0.15126035,1.38605165,0.00000000,0.00000000,0.00000000
1.59979229,-0.12138495,0.08394469,0.00000000,0.00000000,0.00000000
1.59403656,-0.13199214,0.18838388,0.00000000,0.00000000,0.00000000
1.58913950,-0.13370182,0.45899832,0.00000000,0.00000000,0.00000000
1.59109443,-0.12536785,0.51070011,0.00000000,0.00000000,0.00000000
1.58260071,-0.12945771,0.54099989,0.00000000,0.00000000,0.00000000
1.58798909,-0.12790769,0.54798138,0.00000000,0.00000000,0.00000000
1.59960353,-0.11800266,0.12162088,0.00000000,0.00000000,0.00000000
1.58765006,-0.11836816,0.16794789,0.00000000,0.00000000,0.00000000
1.58869040,-0.11587691,0.42605048,0.00000000,0.00000000,0.00000000
1.59107625,-0.10536087,0.96276718,0.00000000,0.00000000,0.00000000
1.60128164,-0.09536237,0.19414519,0.00000000,0.00000000,0.00000000
1.59235588,-0.07169370,1.50773552,0.00000000,0.00000000,0.00000000
1.58509886,-0.02207840,0.08478586,0.00000000,0.00000000,0.00000000
1.58519351,-0.02263590,0.45791742,0.00000000,0.00000000,0.00000000
1.60078490,-0.02039622,0.47368163,0.00000000,0.00000000,0.00000000
1.60151696,-0.00271652,0.29436523,0.00000000,0.00000000,0.00000000
1.59782863,-0.00649910,0.47185516,0.00000000,0.00000000,0.00000000
1.59207063,0.02052328,0.09621834,0.00000000,0.00000000,0.00000000
1.58680165,0.00332641,0.46722886,0.00000000,0.00000000,0.00000000
1.58558822,0.00957168,0.81990331,0.00000000,0.00000000,0.00000000
1.59276038,0.02240235,0.09665862,0.00000000,0.00000000,0.00000000
1.58402824,0.03425894,0.11289550,0.00000000,0.00000000,0.00000000
1.58993596,0.03424346,0.14492482,0.00000000,0.00000000,0.00000000
1.60084820,0.03396951,0.53847140,0.00000000,0.00000000,0.00000000
1.58639991,0.03482122,0.58274359,0.00000000,0.00000000,0.00000000
1.59936768,0.04678767,0.58644596,0.00000000,0.00000000,0.00000000
1.59489954,0.04812951,1.30737305,0.00000000,0.00000000,0.00000000
1.59111317,0.05532048,1.51360536,0.00000000,0.00000000,0.00000000
1.58399761,0.07746039,1.51338863,0.00000000,0.00000000,0.00000000
1.59819639,0.09411345,0.46491420,0.00000000,0.00000000,0.00000000
1.58230650,0.08400771,0.61322117,0.00000000,0.00000000,0.00000000
1.59775877,0.09505174,0.93822134,0.00000000,0.00000000,0.00000000
1.58536124,0.09240718,1.51368308,0.00000000,0.00000000,0.00000000
1.58405006,0.11427097,0.45358285,0.00000000,0.00000000,0.00000000
1.59721464,0.11108050,0.46220982,0.00000000,0.00000000,0.00000000
1.58386052,0.11704525,1.37759984,0.00000000,0.00000000,0.00000000
1.58327162,0.10459565,1.51206768,0.00000000,0.00000000,0.00000000
1.58610386,0.13260601,0.35255535,0.00000000,0.00000000,0.00000000
1.59644514,0.13435727,0.45306806,0.00000000,0.00000000,0.00000000
1.59120595,0.13489883,0.46638244,0.00000000,0.00000000,0.00000000
1.58411610,0.12550612,1.36900914,0.00000000,0.00000000,0.00000000
1.58421779,0.15969467,0.43704468,0.00000000,0.00000000,0.00000000
1.59828556,0.16033170,0.62101632,0.00000000,0.00000000,0.00000000
1.60022831,0.18169191,0.44430912,0.00000000,0.00000000,0.00000000
1.59133101,0.19351000,0.47418505,0.00000000,0.00000000,0.00000000
1.58813632,0.18433288,0.48788360,0.00000000,0.00000000,0.00000000
1.59724236,0.20357287,0.89793050,0.00000000,0.00000000,0.00000000
1.58970070,0.27604574,1.08703792,0.00000000,0.00000000,0.00000000
1.58380926,0.32035264,1.10944760,0.00000000,0.00000000,0.00000000
1.59499180,0.42012066,0.79162961,0.00000000,0.00000000,0.00000000
1.59194505,0.54405791,1.15276217,0.00000000,0.00000000,0.00000000
1.58958030,0.62096477,1.38959205,0.00000000,0.00000000,0.00000000
1.60294259,-0.61859947,1.12270319,0.00000000,0.00000000,0.00000000
1.60738134,-0.60483378,1.26320469,0.00000000,0.00000000,0.00000000
1.60840964,-0.38086337,1.19226241,0.00000000,0.00000000,0.00000000
1.62014771,-0.39264333,1.29834819,0.00000000,0.00000000,0.00000000
1.60283470,-0.22171083,1.06740129,0.00000000,0.00000000,0.00000000
1.60737008,-0.18281446,0.88891083,0.00000000,0.00000000,0.00000000
1.60210752,-0.17921555,1.27759778,0.00000000,0.00000000,0.00000000
1.61569846,-0.16864753,0.89594108,0.00000000,0.00000000,0.00000000
1.61849713,-0.16052905,0.93641078,0.00000000,0.00000000,0.00000000
1.61486757,-0.14247216,0.53126359,0.00000000,0.00000000,0.00000000
1.61348820,-0.14476061,1.03499532,0.00000000,0.00000000,0.00000000
1.61067617,-0.12135816,0.50788966,0.00000000,0.00000000,0.00000000
1.60977165,-0.13003372,0.52720223,0.00000000,0.00000000,0.00000000
1.60907412,-0.11897002,0.95608741,0.00000000,0.00000000,0.00000000
1.60401094,-0.12804203,1.39652824,0.00000000,0.00000000,0.00000000
1.61078924,-0.11008756,0.19069146,0.00000000,0.00000000,0.00000000
1.61128938,-0.11584575,0.30909774,0.00000000,0.00000000,0.00000000
1.61148065,-0.11535977,0.49869861,0.00000000,0.00000000,0.00000000
1.61044599,-0.10604976,0.51018090,0.00000000,0.00000000,0.00000000
1.62045133,-0.10607712,0.53465235,0.00000000,0.00000000,0.00000000
1.61785090,-0.09363873,0.09840635,0.00000000,0.00000000,0.00000000
1.61963975,-0.09059976,0.23154518,0.00000000,0.00000000,0.00000000
1.61302006,-0.09421013,0.51777273,0.00000000,0.00000000,0.00000000
1.62026155,-0.09174661,0.52732915,0.00000000,0.00000000,0.00000000
1.60826731,-0.06836378,0.24287961,0.00000000,0.00000000,0.00000000
1.61727124,-0.02291732,0.09829554,0.00000000,0.00000000,0.00000000
1.60313225,-0.02021390,0.10500718,0.00000000,0.00000000,0.00000000
1.62109482,-0.01388281,1.03117609,0.00000000,0.00000000,0.00000000
1.61254406,-0.01463515,1.38867280,0.00000000,0.00000000,0.00000000
1.60493863,0.01994091,0.58372360,0.00000000,0.00000000,0.00000000
1.60501051,0.01297247,0.76282698,0.00000000,0.00000000,0.00000000
1.60442829,0.01661900,0.84864140,0.00000000,0.00000000,0.00000000
1.61860836,0.01625731,0.88746256,0.00000000,0.00000000,0.00000000
1.62046707,0.00286529,0.94947886,0.00000000,0.00000000,0.00000000
1.60601008,0.03529225,0.59275430,0.00000000,0.00000000,0.00000000
1.61640835,0.03759677,0.77140206,0.00000000,0.00000000,0.00000000
1.61871636,0.05898434,0.17783463,0.00000000,0.00000000,0.00000000
1.61266269,0.05082419,0.59517203,0.00000000,0.00000000,0.00000000
1.60711443,0.07187428,0.59422809,0.00000000,0.00000000,0.00000000
1.60546327,0.06603391,1.51863682,0.00000000,0.00000000,0.00000000
1.61140277,0.09719941,0.08482053,0.00000000,0.00000000,0.00000000
1.60813558,0.10760614,0.09870061,0.00000000,0.00000000,0.00000000
1.61057389,0.12121847,0.35910067,0.00000000,0.00000000,0.00000000
1.60321271,0.11733232,0.63168842,0.00000000,0.00000000,0.00000000
1.61488843,0.10503701,0.90612888,0.00000000,0.00000000,0.00000000
1.61535585,0.11354276,0.92831939,0.00000000,0.00000000,0.00000000
1.60307431,0.11511223,1.39444923,0.00000000,0.00000000,0.00000000
1.61177504,0.13954374,0.47376871,0.00000000,0.00000000,0.00000000
1.61162496,0.13946456,0.49000329,0.00000000,0.00000000,0.00000000
1.61490166,0.14327021,0.45722342,0.00000000,0.00000000,0.00000000
1.62096488,0.15296969,0.58077848,0.00000000,0.00000000,0.00000000
1.60831416,0.14548687,0.63176212,0.00000000,0.00000000,0.00000000
1.60441375,0.17755498,0.20344825,0.00000000,0.00000000,0.00000000
1.61499715,0.17976360,0.44159967,0.00000000,0.00000000,0.00000000
1.60793507,0.17137714,0.53735346,0.00000000,0.00000000,0.00000000
1.61044765,0.19572426,0.45109202,0.00000000,0.00000000,0.00000000
1.61256945,0.18853979,0.46178001,0.00000000,0.00000000,0.00000000
1.60204136,0.18722136,0.49896175,0.00000000,0.00000000,0.00000000
1.60869730,0.18479986,0.51251078,0.00000000,0.00000000,0.00000000
1.61102319,0.18971629,0.67607957,0.00000000,0.00000000,0.00000000
1.60309887,0.20067896,1.04910338,0.00000000,0.00000000,0.00000000
1.60983062,0.20607647,0.45203691,0.00000000,0.00000000,0.00000000
1.61945605,0.20389362,0.47497249,0.00000000,0.00000000,0.00000000
1.61679006,0.20841298,0.67340845,0.00000000,0.00000000,0.00000000
1.60159469,0.31510538,1.14756942,0.00000000,0.00000000,0.00000000
1.60390484,0.31687862,1.22847414,0.00000000,0.00000000,0.00000000
1.60608625,0.33277556,1.27582943,0.00000000,0.00000000,0.00000000
1.60736382,0.37921190,1.30071354,0.00000000,0.00000000,0.00000000
1.61517096,0.45537207,0.91910177,0.00000000,0.00000000,0.00000000
1.62695491,-0.39039358,1.41028869,0.00000000,0.00000000,0.00000000
1.63849735,-0.24923129,1.10143661,0.00000000,0.00000000,0.00000000
1.62595701,-0.18156026,0.49464953,0.00000000,0.00000000,0.00000000
1.62707019,-0.17972766,1.05464625,0.00000000,0.00000000,0.00000000
1.62991405,-0.16767177,0.48627982,0.00000000,0.00000000,0.00000000
1.62345994,-0.15092123,0.52163124,0.00000000,0.00000000,0.00000000
1.62858129,-0.15783383,0.89576060,0.00000000,0.00000000,0.00000000
1.63866603,-0.14830381,0.90757376,0.00000000,0.00000000,0.00000000
1.62671530,-0.14978456,0.93602270,0.00000000,0.00000000,0.00000000
1.62358117,-0.11926015,0.18130901,0.00000000,0.00000000,0.00000000
1.63975942,-0.11873997,0.18794963,0.00000000,0.00000000,0.00000000
1.63977396,-0.12126032,0.62103629,0.00000000,0.00000000,0.00000000
1.63555181,-0.09908515,0.08119035,0.00000000,0.00000000,0.00000000
1.62348008,-0.11265274,0.12461862,0.00000000,0.00000000,0.00000000
1.62623060,-0.11233612,0.18915279,0.00000000,0.00000000,0.00000000
1.63544822,-0.11306899,0.21376981,0.00000000,0.00000000,0.00000000
1.62717921,-0.10519573,0.51610208,0.00000000,0.00000000,0.00000000
1.62885833,-0.11127251,0.52266032,0.00000000,0.00000000,0.00000000
1.62950850,-0.11552075,0.62439740,0.00000000,0.00000000,0.00000000
1.63244027,-0.09743445,0.08631946,0.00000000,0.00000000,0.00000000
1.63501382,-0.06071818,0.69896650,0.00000000,0.00000000,0.00000000
1.62782618,-0.02584015,0.09477289,0.00000000,0.00000000,0.00000000
1.62567472,-0.03272829,0.11524798,0.00000000,0.00000000,0.00000000
1.63982570,-0.02383406,0.97295690,0.00000000,0.00000000,0.00000000
1.62254393,-0.03222419,0.98235345,0.00000000,0.00000000,0.00000000
1.62727028,-0.02964403,1.07821131,0.00000000,0.00000000,0.00000000
1.63441491,-0.01999520,1.08810810,0.00000000,0.00000000,0.00000000
1.63979053,-0.03424800,1.11012149,0.00000000,0.00000000,0.00000000
1.63062787,-0.01621007,1.10437596,0.00000000,0.00000000,0.00000000
1.62408817,-0.00619496,1.39436400,0.00000000,0.00000000,0.00000000
1.63993913,0.00506540,0.09496042,0.00000000,0.00000000,0.00000000
1.63962626,0.01399948,0.11611994,0.00000000,0.00000000,0.00000000
1.63797224,0.00558215,0.12664776,0.00000000,0.00000000,0.00000000
1.63939750,0.01195407,1.10120726,0.00000000,0.00000000,0.00000000
1.63381171,0.02083382,1.11584330,0.00000000,0.00000000,0.00000000
1.63287485,0.04091139,0.15276442,0.00000000,0.00000000,0.00000000
1.62271798,0.05448708,0.59179491,0.00000000,0.00000000,0.00000000
1.62735122,0.05603410,0.60483259,0.00000000,0.00000000,0.00000000
1.63825643,0.04368783,1.11253870,0.00000000,0.00000000,0.00000000
1.63538206,0.07853827,0.55060512,0.00000000,0.00000000,0.00000000
1.62526488,0.10458926,0.13053843,0.00000000,0.00000000,0.00000000
1.62756185,0.11453653,0.36778606,0.00000000,0.00000000,0.00000000
1.63050413,0.11700512,0.86210674,0.00000000,0.00000000,0.00000000
1.62335908,0.10418807,1.29482460,0.00000000,0.00000000,0.00000000
1.63594770,0.12231740,0.13410249,0.00000000,0.00000000,0.00000000
1.62755215,0.13091008,0.62420744,0.00000000,0.00000000,0.00000000
1.63587010,0.13377452,0.92072201,0.00000000,0.00000000,0.00000000
1.63094079,0.14197482,0.58374137,0.00000000,0.00000000,0.00000000
1.62756795,0.14275621,0.61333457,0.00000000,0.00000000,0.00000000
1.62835181,0.14447451,0.66096276,0.00000000,0.00000000,0.00000000
1.62234879,0.20014678,0.46014231,0.00000000,0.00000000,0.00000000
1.62332654,0.19642016,0.46944284,0.00000000,0.00000000,0.00000000
1.64070594,0.18980353,0.89968753,0.00000000,0.00000000,0.00000000
1.62597394,0.20407814,0.45838219,0.00000000,0.00000000,0.00000000
1.62539750,0.21372584,0.47565745,0.00000000,0.00000000,0.00000000
1.62792706,0.35766757,1.23961294,0.00000000,0.00000000,0.00000000
1.65820241,-0.60808462,1.34817362,0.00000000,0.00000000,0.00000000
1.65782738,-0.38628528,1.37117338,0.00000000,0.00000000,0.00000000
1.64360189,-0.35927668,1.17653394,0.00000000,0.00000000,0.00000000
1.64405596,-0.29212987,1.12651277,0.00000000,0.00000000,0.00000000
1.65041602,-0.16422136,0.90858328,0.00000000,0.00000000,0.00000000
1.64571536,-0.14907964,0.63451141,0.00000000,0.00000000,0.00000000
1.64649618,-0.12266115,0.18370682,0.00000000,0.00000000,0.00000000
1.65454555,-0.13544318,0.86121225,0.00000000,0.00000000,0.00000000
1.65625012,-0.10181876,0.08607759,0.00000000,0.00000000,0.00000000
1.65389299,-0.10336018,0.10878749,0.00000000,0.00000000,0.00000000
1.64431584,-0.11619165,0.19073440,0.00000000,0.00000000,0.00000000
1.64915037,-0.11261445,0.35791925,0.00000000,0.00000000,0.00000000
1.65668154,-0.10564315,0.50935054,0.00000000,0.00000000,0.00000000
1.64354920,-0.10257369,0.54338574,0.00000000,0.00000000,0.00000000
1.64669767,-0.08524855,0.05952890,0.00000000,0.00000000,0.00000000
1.64566505,-0.08670295,0.06365846,0.00000000,0.00000000,0.00000000
1.64885116,-0.09723230,0.09075832,0.00000000,0.00000000,0.00000000
1.64330161,-0.07275991,0.10354042,0.00000000,0.00000000,0.00000000
1.65018737,-0.05334840,0.06877740,0.00000000,0.00000000,0.00000000
1.65344775,-0.04733608,1.11794269,0.00000000,0.00000000,0.00000000
1.64894001,-0.02259142,0.97219565,0.00000000,0.00000000,0.00000000
1.65860569,-0.00191241,0.10011703,0.00000000,0.00000000,0.00000000
1.65784776,-0.00409528,0.10241649,0.00000000,0.00000000,0.00000000
1.64661741,-0.00582827,0.14376196,0.00000000,0.00000000,0.00000000
1.66026270,-0.00852651,0.98062551,0.00000000,0.00000000,0.00000000
1.64648479,-0.01169730,1.09314096,0.00000000,0.00000000,0.00000000
1.66112888,0.00864729,0.10749207,0.00000000,0.00000000,0.00000000
1.65544486,0.02020696,0.60245633,0.00000000,0.00000000,0.00000000
1.64828205,0.02476227,0.59885538,0.00000000,0.00000000,0.00000000
1.65561318,0.03597359,0.61069930,0.00000000,0.00000000,0.00000000
1.65708864,0.05693875,0.06013351,0.00000000,0.00000000,0.00000000
1.65650554,0.05600773,0.06350312,0.00000000,0.00000000,0.00000000
1.65423620,0.05866292,0.58808851,0.00000000,0.00000000,0.00000000
1.65876055,0.05334096,0.61449218,0.00000000,0.00000000,0.00000000
1.65702444,0.07252733,0.08473096,0.00000000,0.00000000,0.00000000
1.65905654,0.06893407,1.28024554,0.00000000,0.00000000,0.00000000
1.65304899,0.06808642,1.28306735,0.00000000,0.00000000,0.00000000
1.66066062,0.08490107,0.08661004,0.00000000,0.00000000,0.00000000
1.64660263,0.09686562,0.90928161,0.00000000,0.00000000,0.00000000
1.64744270,0.12765150,0.64349562,0.00000000,0.00000000,0.00000000
1.65347648,0.13901217,0.79149467,0.00000000,0.00000000,0.00000000
1.64948392,0.15740544,0.69392723,0.00000000,0.00000000,0.00000000
1.64983463,0.17522365,0.33433050,0.00000000,0.00000000,0.00000000
1.65952504,0.19125788,0.47559024,0.00000000,0.00000000,0.00000000
1.65595436,0.19179803,0.48592322,0.00000000,0.00000000,0.00000000
1.64213073,0.33158803,1.17175925,0.00000000,0.00000000,0.00000000
1.65326655,0.37677652,1.36711144,0.00000000,0.00000000,0.00000000
1.64232528,0.37519926,1.41587412,0.00000000,0.00000000,0.00000000
1.64822173,0.54009265,1.13746154,0.00000000,0.00000000,0.00000000
1.64542162,0.61712229,1.37312543,0.00000000,0.00000000,0.00000000
1.66253364,-0.38490069,1.25718796,0.00000000,0.00000000,0.00000000
1.67788112,-0.37375632,1.20992970,0.00000000,0.00000000,0.00000000
1.67349041,-0.26385450,0.48475388,0.00000000,0.00000000,0.00000000
1.67663002,-0.25802404,0.49296498,0.00000000,0.00000000,0.00000000
1.67924321,-0.20119433,0.57919782,0.00000000,0.00000000,0.00000000
1.67752528,-0.19745287,0.89581150,0.00000000,0.00000000,0.00000000
1.67033947,-0.14278334,0.67772371,0.00000000,0.00000000,0.00000000
1.67831004,-0.15523845,0.82696331,0.00000000,0.00000000,0.00000000
1.67076910,-0.10433576,0.63459629,0.00000000,0.00000000,0.00000000
1.67938626,-0.11427716,0.78589475,0.00000000,0.00000000,0.00000000
1.66385388,-0.09458799,0.60004675,0.00000000,0.00000000,0.00000000
1.67536056,-0.06302735,0.08811127,0.00000000,0.00000000,0.00000000
1.66908920,-0.07558857,0.13913329,0.00000000,0.00000000,0.00000000
1.66250594,-0.00135583,0.09693731,0.00000000,0.00000000,0.00000000
1.66329306,-0.00047999,0.10503708,0.00000000,0.00000000,0.00000000
1.66504288,0.00226453,0.10716340,0.00000000,0.00000000,0.00000000
1.66291535,0.00805257,0.98144782,0.00000000,0.00000000,0.00000000
1.67821360,0.03053615,0.61142731,0.00000000,0.00000000,0.00000000
1.67439151,0.04048934,0.62414956,0.00000000,0.00000000,0.00000000
1.66898930,0.05839846,0.11778898,0.00000000,0.00000000,0.00000000
1.67457342,0.04172913,0.60492206,0.00000000,0.00000000,0.00000000
1.67694068,0.07884567,0.08001266,0.00000000,0.00000000,0.00000000
1.67260647,0.07724680,0.08769309,0.00000000,0.00000000,0.00000000
1.67239845,0.06965937,0.56977785,0.00000000,0.00000000,0.00000000
1.66529655,0.07418646,1.27841258,0.00000000,0.00000000,0.00000000
1.67086887,0.08096527,1.29614639,0.00000000,0.00000000,0.00000000
1.66299677,0.08237853,0.08576383,0.00000000,0.00000000,0.00000000
1.66457653,0.08769724,0.10608472,0.00000000,0.00000000,0.00000000
1.66552627,0.08478032,1.28119326,0.00000000,0.00000000,0.00000000
1.67009926,0.10399339,0.13658620,0.00000000,0.00000000,0.00000000
1.67458403,0.10153935,0.82836235,0.00000000,0.00000000,0.00000000
1.66303039,0.16135727,0.71408790,0.00000000,0.00000000,0.00000000
1.66760623,0.15693465,0.74148142,0.00000000,0.00000000,0.00000000
1.66751814,0.14606127,0.91371256,0.00000000,0.00000000,0.00000000
1.67663968,0.20271309,0.47781211,0.00000000,0.00000000,0.00000000
1.68141508,0.20264237,0.68641913,0.00000000,0.00000000,0.00000000
1.66599929,0.36136061,1.27181339,0.00000000,0.00000000,0.00000000
1.68954408,-0.38930485,1.29903340,0.00000000,0.00000000,0.00000000
1.68595016,-0.14017162,0.25739458,0.00000000,0.00000000,0.00000000
1.68405163,-0.12133555,0.70174628,0.00000000,0.00000000,0.00000000
1.68222523,-0.12222202,0.90416032,0.00000000,0.00000000,0.00000000
1.68599939,-0.11758865,0.11505203,0.00000000,0.00000000,0.00000000
1.69039309,-0.11160509,0.57392165,0.00000000,0.00000000,0.00000000
1.69516444,-0.09336476,0.67783183,0.00000000,0.00000000,0.00000000
1.68766439,-0.06941627,0.05959940,0.00000000,0.00000000,0.00000000
1.68848546,-0.06461592,0.07048668,0.00000000,0.00000000,0.00000000
1.70103288,-0.06152208,0.09320705,0.00000000,0.00000000,0.00000000
1.70028329,-0.06671830,0.17205928,0.00000000,0.00000000,0.00000000
1.68867719,-0.06965764,0.63073105,0.00000000,0.00000000,0.00000000
1.69459701,-0.00070751,0.10902716,0.00000000,0.00000000,0.00000000
1.68216217,0.01727834,0.61008489,0.00000000,0.00000000,0.00000000
1.69484973,0.01577125,0.72306126,0.00000000,0.00000000,0.00000000
1.68970704,0.04755859,0.99386394,0.00000000,0.00000000,0.00000000
1.68490386,0.07837707,0.09178264,0.00000000,0.00000000,0.00000000
1.69751906,0.11997975,0.58575982,0.00000000,0.00000000,0.00000000
1.68444276,0.15868346,0.89664039,0.00000000,0.00000000,0.00000000
1.70048749,0.17058787,0.85608321,0.00000000,0.00000000,0.00000000
1.69520686,0.19313824,0.21337609,0.00000000,0.00000000,0.00000000
1.68265009,0.19240335,0.49049377,0.00000000,0.00000000,0.00000000
1.68901563,0.18870288,0.50258261,0.00000000,0.00000000,0.00000000
1.69293082,0.19178787,0.63395959,0.00000000,0.00000000,0.00000000
1.70126307,0.61327988,1.35665882,0.00000000,0.00000000,0.00000000
1.71675467,-0.60086989,1.35250163,0.00000000,0.00000000,0.00000000
1.72016740,-0.18529171,0.89838648,0.00000000,0.00000000,0.00000000
1.71551311,-0.14829344,0.52368194,0.00000000,0.00000000,0.00000000
1.71853709,-0.14056386,0.55042690,0.00000000,0.00000000,0.00000000
1.70291293,-0.14256395,0.91055506,0.00000000,0.00000000,0.00000000
1.70169044,-0.12126549,0.17543539,0.00000000,0.00000000,0.00000000
1.72051311,-0.10706571,0.21831280,0.00000000,0.00000000,0.00000000
1.71300201,-0.10453335,0.55870332,0.00000000,0.00000000,0.00000000
1.70914462,-0.10884045,0.56773227,0.00000000,0.00000000,0.00000000
1.70183146,-0.10164178,0.60056198,0.00000000,0.00000000,0.00000000
1.71235514,-0.10255068,0.63763899,0.00000000,0.00000000,0.00000000
1.70233953,-0.08891169,0.11715452,0.00000000,0.00000000,0.00000000
1.71611702,-0.09707377,0.13699239,0.00000000,0.00000000,0.00000000
1.71135259,-0.09706564,0.56847644,0.00000000,0.00000000,0.00000000
1.71746600,-0.08947220,0.59670722,0.00000000,0.00000000,0.00000000
1.70540726,-0.09132168,0.70347100,0.00000000,0.00000000,0.00000000
1.70196557,-0.09710716,0.73464477,0.00000000,0.00000000,0.00000000
1.71433425,-0.06470881,0.05596052,0.00000000,0.00000000,0.00000000
1.70424779,-0.06275834,0.06911348,0.00000000,0.00000000,0.00000000
1.71525228,-0.07675005,0.59140044,0.00000000,0.00000000,0.00000000
1.70368934,-0.04182891,1.00010943,0.00000000,0.00000000,0.00000000
1.71700239,0.00303194,0.20394915,0.00000000,0.00000000,0.00000000
1.71591324,0.03929382,0.07879209,0.00000000,0.00000000,0.00000000
1.71409380,0.03658466,0.08339691,0.00000000,0.00000000,0.00000000
1.71036708,0.02161076,0.75700653,0.00000000,0.00000000,0.00000000
1.71108556,0.02552467,1.00465381,0.00000000,0.00000000,0.00000000
1.71818735,0.04645654,0.07835095,0.00000000,0.00000000,0.00000000
1.71804847,0.04711851,0.08529598,0.00000000,0.00000000,0.00000000
1.71443152,0.05658772,0.13768736,0.00000000,0.00000000,0.00000000
1.71850603,0.15834044,0.07045360,0.00000000,0.00000000,0.00000000
1.71549535,0.14518224,0.29985240,0.00000000,0.00000000,0.00000000
1.71679413,0.14417662,0.89482260,0.00000000,0.00000000,0.00000000
1.72133094,0.16870276,0.06080708,0.00000000,0.00000000,0.00000000
1.72019092,0.16342174,0.06636065,0.00000000,0.00000000,0.00000000
1.71127581,0.19210059,0.21516409,0.00000000,0.00000000,0.00000000
1.72147715,0.19318388,0.79334569,0.00000000,0.00000000,0.00000000
1.70699394,0.20514612,0.21231384,0.00000000,0.00000000,0.00000000
1.70492148,0.21643975,0.71445256,0.00000000,0.00000000,0.00000000
1.73204076,-0.22098862,0.49105373,0.00000000,0.00000000,0.00000000
1.73548496,-0.20141642,0.50435686,0.00000000,0.00000000,0.00000000
1.72380590,-0.17819867,0.89804775,0.00000000,0.00000000,0.00000000
1.73601043,-0.14090933,0.08347078,0.00000000,0.00000000,0.00000000
1.73358035,-0.14652121,0.63491136,0.00000000,0.00000000,0.00000000
1.72384989,-0.13847135,0.52792168,0.00000000,0.00000000,0.00000000
1.73253292,-0.13283943,0.55166769,0.00000000,0.00000000,0.00000000
1.72703493,-0.11506660,0.12052537,0.00000000,0.00000000,0.00000000
1.72861874,-0.10097560,0.19819073,0.00000000,0.00000000,0.00000000
1.73538291,-0.10597157,0.27899015,0.00000000,0.00000000,0.00000000
1.73489523,-0.06055217,0.14993902,0.00000000,0.00000000,0.00000000
1.74148011,-0.07478811,0.27657589,0.00000000,0.00000000,0.00000000
1.72425973,-0.04009431,0.13089423,0.00000000,0.00000000,0.00000000
1.73734224,-0.02612640,0.07204270,0.00000000,0.00000000,0.00000000
1.72419894,-0.02736845,1.00463867,0.00000000,0.00000000,0.00000000
1.74150789,-0.00428417,0.95072925,0.00000000,0.00000000,0.00000000
1.73328412,-0.01540077,0.98810548,0.00000000,0.00000000,0.00000000
1.73155189,-0.01474238,1.00269210,0.00000000,0.00000000,0.00000000
1.72711289,0.01931180,0.13132350,0.00000000,0.00000000,0.00000000
1.73157498,0.03649452,0.07607497,0.00000000,0.00000000,0.00000000
1.73733521,0.03846819,0.79186422,0.00000000,0.00000000,0.00000000
1.72483512,0.05164208,0.07975988,0.00000000,0.00000000,0.00000000
1.72248304,0.05269729,0.08473285,0.00000000,0.00000000,0.00000000
1.72917175,0.05781966,0.12936300,0.00000000,0.00000000,0.00000000
1.72557950,0.08855152,0.61937797,0.00000000,0.00000000,0.00000000
1.72248024,0.16831928,0.06077672,0.00000000,0.00000000,0.00000000
1.72227418,0.16642487,0.06335107,0.00000000,0.00000000,0.00000000
1.72628844,0.17134508,0.15826814,0.00000000,0.00000000,0.00000000
1.72201550,0.19026531,0.21418127,0.00000000,0.00000000,0.00000000
1.72260118,0.21948749,0.72965771,0.00000000,0.00000000,0.00000000
1.73199749,0.21301202,0.75078017,0.00000000,0.00000000,0.00000000
1.75069034,-0.19430780,0.88230836,0.00000000,0.00000000,0.00000000
1.76035261,-0.16002658,0.13349257,0.00000000,0.00000000,0.00000000
1.76066363,-0.16142659,0.84556532,0.00000000,0.00000000,0.00000000
1.74386191,-0.17333193,0.88411903,0.00000000,0.00000000,0.00000000
1.75846803,-0.14391348,0.13775286,0.00000000,0.00000000,0.00000000
1.75145078,-0.14905094,0.20526069,0.00000000,0.00000000,0.00000000
1.74250281,-0.13831466,0.14640442,0.00000000,0.00000000,0.00000000
1.75833201,-0.11765491,0.55142212,0.00000000,0.00000000,0.00000000
1.74495864,-0.11157400,0.58642507,0.00000000,0.00000000,0.00000000
1.74635792,-0.04381797,0.07689206,0.00000000,0.00000000,0.00000000
1.74724793,-0.04788946,0.20731239,0.00000000,0.00000000,0.00000000
1.75727880,-0.03121517,0.13423168,0.00000000,0.00000000,0.00000000
1.74815130,-0.03470873,0.99179310,0.00000000,0.00000000,0.00000000
1.75649488,0.01632155,0.88274872,0.00000000,0.00000000,0.00000000
1.75560200,0.04289636,0.81110078,0.00000000,0.00000000,0.00000000
1.74694622,0.07103880,0.03487111,0.00000000,0.00000000,0.00000000
1.74589491,0.07145254,0.05616414,0.00000000,0.00000000,0.00000000
1.75464730,0.08759723,0.03132674,0.00000000,0.00000000,0.00000000
1.75028241,0.10818753,0.12852170,0.00000000,0.00000000,0.00000000
1.74454629,0.15106986,0.82783115,0.00000000,0.00000000,0.00000000
1.78048098,-0.18616304,0.81673855,0.00000000,0.00000000,0.00000000
1.76666486,-0.16259536,0.13116497,0.00000000,0.00000000,0.00000000
1.77404219,-0.14431291,0.06749959,0.00000000,0.00000000,0.00000000
1.77463770,-0.11465838,0.21213356,0.00000000,0.00000000,0.00000000
1.77999508,-0.11731702,0.65195870,0.00000000,0.00000000,0.00000000
1.76635277,-0.09065807,0.02393799,0.00000000,0.00000000,0.00000000
1.78090775,-0.05936270,0.13908215,0.00000000,0.00000000,0.00000000
1.76853263,-0.02727161,0.07971558,0.00000000,0.00000000,0.00000000
1.76195264,-0.02806355,0.92158037,0.00000000,0.00000000,0.00000000
1.78107536,-0.00374311,0.07219516,0.00000000,0.00000000,0.00000000
1.76516128,0.03672693,0.83604532,0.00000000,0.00000000,0.00000000
1.77391243,0.04962033,0.22390433,0.00000000,0.00000000,0.00000000
1.76752555,0.12221705,0.09555937,0.00000000,0.00000000,0.00000000
1.77822483,0.13134079,0.13764481,0.00000000,0.00000000,0.00000000
1.76475966,0.18594255,0.21088487,0.00000000,0.00000000,0.00000000
1.78533411,-0.13954471,0.77724546,0.00000000,0.00000000,0.00000000
1.79168165,-0.12069085,0.07549693,0.00000000,0.00000000,0.00000000
1.78651555,-0.12973510,0.13602818,0.00000000,0.00000000,0.00000000
1.78560412,-0.12666996,0.19344322,0.00000000,0.00000000,0.00000000
1.79030430,-0.11854063,0.07653303,0.00000000,0.00000000,0.00000000
1.78659177,-0.08853232,0.08138946,0.00000000,0.00000000,0.00000000
1.78193903,-0.00373128,0.07280777,0.00000000,0.00000000,0.00000000
1.79148650,-0.01171595,0.11779869,0.00000000,0.00000000,0.00000000
1.79973495,0.03468886,0.08504564,0.00000000,0.00000000,0.00000000
1.79912066,0.14920798,0.07317469,0.00000000,0.00000000,0.00000000
1.79918367,0.16799426,0.09596027,0.00000000,0.00000000,0.00000000
1.81305683,-0.14947997,0.26042640,0.00000000,0.00000000,0.00000000
1.81646502,-0.11208122,0.12768394,0.00000000,0.00000000,0.00000000
1.81118155,-0.11043572,0.19339216,0.00000000,0.00000000,0.00000000
1.80495095,-0.10550100,0.69001949,0.00000000,0.00000000,0.00000000
1.81488991,-0.10579325,0.71008533,0.00000000,0.00000000,0.00000000
1.80981922,-0.11660350,0.73512578,0.00000000,0.00000000,0.00000000
1.80397904,-0.08202717,0.02454600,0.00000000,0.00000000,0.00000000
1.80566895,-0.08248372,0.16090471,0.00000000,0.00000000,0.00000000
1.81013203,-0.07442931,0.02359522,0.00000000,0.00000000,0.00000000
1.80476975,-0.07343294,0.17634262,0.00000000,0.00000000,0.00000000
1.80175281,-0.06964811,0.23628357,0.00000000,0.00000000,0.00000000
1.81106973,0.00001667,0.11618273,0.00000000,0.00000000,0.00000000
1.80317914,-0.00040422,0.19882010,0.00000000,0.00000000,0.00000000
1.80289364,0.01912886,0.22290206,0.00000000,0.00000000,0.00000000
1.81055009,0.11307418,0.24149604,0.00000000,0.00000000,0.00000000
1.80205103,0.17062672,0.09425671,0.00000000,0.00000000,0.00000000
1.80802870,0.17819433,0.17837881,0.00000000,0.00000000,0.00000000
1.82778656,-0.07769827,0.07792140,0.00000000,0.00000000,0.00000000
1.82243538,-0.07690007,0.23391503,0.00000000,0.00000000,0.00000000
1.82835889,-0.05087046,0.22935989,0.00000000,0.00000000,0.00000000
1.83017576,0.07295917,0.03015338,0.00000000,0.00000000,0.00000000
1.85178292,-0.15522599,0.21269898,0.00000000,0.00000000,0.00000000
1.85036576,-0.10858199,0.19160879,0.00000000,0.00000000,0.00000000
1.84844089,-0.06248856,0.06719615,0.00000000,0.00000000,0.00000000
1.85146129,-0.07144351,0.27325696,0.00000000,0.00000000,0.00000000
1.84581411,0.06297863,0.26388642,0.00000000,0.00000000,0.00000000
1.87063909,-0.17153725,0.15245070,0.00000000,0.00000000,0.00000000
1.87624741,-0.13260673,0.11830921,0.00000000,0.00000000,0.00000000
1.86406577,-0.12824908,0.18125753,0.00000000,0.00000000,0.00000000
1.86533141,-0.06442105,0.11422720,0.00000000,0.00000000,0.00000000
1.87542307,-0.02179207,0.10398106,0.00000000,0.00000000,0.00000000
1.87740076,-0.01069803,0.24924117,0.00000000,0.00000000,0.00000000
1.87884593,0.16016424,0.09495465,0.00000000,0.00000000,0.00000000
1.90021288,-0.11367596,0.23037545,0.00000000,0.00000000,0.00000000
1.90068364,-0.00783329,0.19875146,0.00000000,0.00000000,0.00000000
1.92130268,-0.14372501,0.25474915,0.00000000,0.00000000,0.00000000
1.91269720,-0.13222967,0.09134880,0.00000000,0.00000000,0.00000000
1.90490162,-0.13755590,0.24996802,0.00000000,0.00000000,0.00000000
1.91976905,-0.13580905,0.26188749,0.00000000,0.00000000,0.00000000
1.91690207,-0.10210331,0.18231307,0.00000000,0.00000000,0.00000000
1.91503596,-0.08492385,0.06041255,0.00000000,0.00000000,0.00000000
1.91053438,-0.08144950,0.18069676,0.00000000,0.00000000,0.00000000
1.90757573,-0.06885630,0.25049792,0.00000000,0.00000000,0.00000000
1.90732229,-0.01897520,0.13283888,0.00000000,0.00000000,0.00000000
1.91465211,-0.01110039,0.14099157,0.00000000,0.00000000,0.00000000
1.90597928,0.02078349,0.13651976,0.00000000,0.00000000,0.00000000
1.93507838,-0.14604189,0.19423351,0.00000000,0.00000000,0.00000000
1.92889309,-0.11915903,0.16838017,0.00000000,0.00000000,0.00000000
1.93292916,-0.07863498,0.14730336,0.00000000,0.00000000,0.00000000
1.92803800,-0.03673138,0.15834589,0.00000000,0.00000000,0.00000000
1.93831754,-0.02833769,0.23632544,0.00000000,0.00000000,0.00000000
1.93326306,0.02246399,0.24865742,0.00000000,0.00000000,0.00000000
1.93726397,0.08381842,0.24685892,0.00000000,0.00000000,0.00000000
1.95970118,-0.15678321,0.19987324,0.00000000,0.00000000,0.00000000
1.94419205,-0.11161181,0.15753415,0.00000000,0.00000000,0.00000000
1.95047700,-0.10396013,0.23206212,0.00000000,0.00000000,0.00000000
1.94801199,-0.11011373,0.31586993,0.00000000,0.00000000,0.00000000
1.94875813,-0.08952959,0.20113644,0.00000000,0.00000000,0.00000000
1.94186854,-0.08660510,0.29220587,0.00000000,0.00000000,0.00000000
1.95719683,-0.05250634,0.15821941,0.00000000,0.00000000,0.00000000
1.95273519,-0.04970785,0.26292509,0.00000000,0.00000000,0.00000000
1.95071542,-0.01833144,0.13893051,0.00000000,0.00000000,0.00000000
1.95624399,0.12170539,0.13583887,0.00000000,0.00000000,0.00000000
1.95447981,0.15556474,0.26588634,0.00000000,0.00000000,0.00000000
1.97135484,-0.12942073,0.30933097,0.00000000,0.00000000,0.00000000
1.97366571,-0.11793686,0.14874834,0.00000000,0.00000000,0.00000000
1.96591866,-0.07498889,0.10619875,0.00000000,0.00000000,0.00000000
1.97132647,-0.07521156,0.20972003,0.00000000,0.00000000,0.00000000
1.96599555,-0.04725699,0.15628360,0.00000000,0.00000000,0.00000000
1.98105133,0.11748251,0.31273344,0.00000000,0.00000000,0.00000000
1.97613478,0.15022327,0.15083107,0.00000000,0.00000000,0.00000000
1.98631167,-0.10135639,0.14477432,0.00000000,0.00000000,0.00000000
1.99240279,-0.10963902,0.33188231,0.00000000,0.00000000,0.00000000
1.99953318,-0.11443513,0.35016015,0.00000000,0.00000000,0.00000000
1.98659635,-0.09492829,0.25767174,0.00000000,0.00000000,0.00000000
1.99714136,-0.06919428,0.61112332,0.00000000,0.00000000,0.00000000
1.98385012,-0.01175498,0.30721980,0.00000000,0.00000000,0.00000000
1.99662864,0.01280817,0.12637791,0.00000000,0.00000000,0.00000000
2.01263511,-0.12816409,0.13883322,0.00000000,0.00000000,0.00000000
2.01203370,-0.13531499,0.15570977,0.00000000,0.00000000,0.00000000
2.01365829,-0.09256758,0.21907620,0.00000000,0.00000000,0.00000000
2.01243520,-0.06297888,0.27556372,0.00000000,0.00000000,0.00000000
2.00288010,-0.01932126,0.12860163,0.00000000,0.00000000,0.00000000
2.01239777,-0.01678409,0.20801713,0.00000000,0.00000000,0.00000000
2.02191448,-0.13259608,0.13936080,0.00000000,0.00000000,0.00000000
2.02589297,-0.13748498,0.26319006,0.00000000,0.00000000,0.00000000
2.03975630,-0.11949097,0.28515160,0.00000000,0.00000000,0.00000000
2.02246475,-0.10965463,0.43089616,0.00000000,0.00000000,0.00000000
2.03099120,-0.09048150,0.13507187,0.00000000,0.00000000,0.00000000
2.02186918,-0.09343136,0.53410637,0.00000000,0.00000000,0.00000000
2.03079104,-0.07803170,0.40399453,0.00000000,0.00000000,0.00000000
2.02578139,-0.03369104,0.21943653,0.00000000,0.00000000,0.00000000
2.02762008,-0.02712091,0.22315547,0.00000000,0.00000000,0.00000000
2.04078102,-0.01666357,0.16391513,0.00000000,0.00000000,0.00000000
2.05808520,-0.10895636,0.29051077,0.00000000,0.00000000,0.00000000
2.05855703,-0.11752155,0.31204027,0.00000000,0.00000000,0.00000000
2.04929852,-0.08263660,0.23762704,0.00000000,0.00000000,0.00000000
2.04204607,-0.08784858,0.51478684,0.00000000,0.00000000,0.00000000
2.05097008,-0.07733475,0.19320986,0.00000000,0.00000000,0.00000000
2.04352260,-0.05902937,0.29556394,0.00000000,0.00000000,0.00000000
2.04583192,-0.05315921,0.17566487,0.00000000,0.00000000,0.00000000
2.05134654,-0.04032673,0.36827886,0.00000000,0.00000000,0.00000000
2.04220724,-0.00700811,0.23314844,0.00000000,0.00000000,0.00000000
2.05804873,-0.00720539,0.26486059,0.00000000,0.00000000,0.00000000
2.05243325,0.05848971,0.15148560,0.00000000,0.00000000,0.00000000
2.04383278,0.05064873,0.24150026,0.00000000,0.00000000,0.00000000
2.05214741,0.06727943,0.15558001,0.00000000,0.00000000,0.00000000
2.04623547,0.06533596,0.16713064,0.00000000,0.00000000,0.00000000
2.05874152,0.13747830,0.18508939,0.00000000,0.00000000,0.00000000
2.07293534,-0.10081429,0.17954044,0.00000000,0.00000000,0.00000000
2.07982516,-0.10384414,0.20614679,0.00000000,0.00000000,0.00000000
2.07323050,-0.06004152,0.20915899,0.00000000,0.00000000,0.00000000
2.07451725,-0.07570840,0.32169747,0.00000000,0.00000000,0.00000000
2.07487202,-0.06453744,0.61741573,0.00000000,0.00000000,0.00000000
2.06316543,-0.02716634,0.17163481,0.00000000,0.00000000,0.00000000
2.06594205,-0.00338831,0.29868877,0.00000000,0.00000000,0.00000000
2.06242108,0.01323664,0.19216189,0.00000000,0.00000000,0.00000000
2.07835412,0.08036330,0.31151852,0.00000000,0.00000000,0.00000000
2.08025038,0.10067233,0.06656118,0.00000000,0.00000000,0.00000000
2.08107626,0.10026319,0.23348604,0.00000000,0.00000000,0.00000000
2.08076024,0.10175726,0.06584329,0.00000000,0.00000000,0.00000000
2.07237220,0.12091871,0.17392963,0.00000000,0.00000000,0.00000000
2.08082819,0.10380697,0.23634111,0.00000000,0.00000000,0.00000000
2.06487012,0.12039980,0.26325667,0.00000000,0.00000000,0.00000000
2.06874638,0.13161707,0.17589552,0.00000000,0.00000000,0.00000000
2.06870308,0.14268321,0.17575832,0.00000000,0.00000000,0.00000000
2.08398104,-0.11145081,0.25938544,0.00000000,0.00000000,0.00000000
2.09463191,-0.10976507,0.40529382,0.00000000,0.00000000,0.00000000
2.09066820,-0.09211113,0.22281538,0.00000000,0.00000000,0.00000000
2.09902358,-0.08956720,0.52728170,0.00000000,0.00000000,0.00000000
2.09256196,-0.07333747,0.23771025,0.00000000,0.00000000,0.00000000
2.09725714,-0.07568502,0.36891431,0.00000000,0.00000000,0.00000000
2.08452106,-0.02455850,0.25998124,0.00000000,0.00000000,0.00000000
2.09719968,-0.00860231,0.35724014,0.00000000,0.00000000,0.00000000
2.08901072,0.02522923,0.32149383,0.00000000,0.00000000,0.00000000
2.09086323,0.03171133,0.56300795,0.00000000,0.00000000,0.00000000
2.09069872,0.07744738,0.21784197,0.00000000,0.00000000,0.00000000
2.09176428,0.09477568,0.05828804,0.00000000,0.00000000,0.00000000
2.08640438,0.09792010,0.06293788,0.00000000,0.00000000,0.00000000
2.09026170,0.08278856,0.13949083,0.00000000,0.00000000,0.00000000
2.09018803,0.09167567,0.21950637,0.00000000,0.00000000,0.00000000
2.08717501,0.09229057,0.22584693,0.00000000,0.00000000,0.00000000
2.09265447,0.10450219,0.22107039,0.00000000,0.00000000,0.00000000
2.08823556,0.10619639,0.22562123,0.00000000,0.00000000,0.00000000
2.09498793,0.13379583,0.07533612,0.00000000,0.00000000,0.00000000
2.11597864,-0.12764992,0.16820718,0.00000000,0.00000000,0.00000000
2.10623813,-0.10305049,0.20684651,0.00000000,0.00000000,0.00000000
2.11125374,-0.08897388,0.08396290,0.00000000,0.00000000,0.00000000
2.10679150,-0.07892574,0.14807145,0.00000000,0.00000000,0.00000000
2.12095571,-0.07953829,0.26643670,0.00000000,0.00000000,0.00000000
2.11778712,-0.08532573,0.49835747,0.00000000,0.00000000,0.00000000
2.10700154,-0.06827770,0.23304193,0.00000000,0.00000000,0.00000000
2.10376501,-0.07392807,0.35361123,0.00000000,0.00000000,0.00000000
2.10915446,-0.05420293,0.06816921,0.00000000,0.00000000,0.00000000
2.11414886,-0.04472436,0.13483784,0.00000000,0.00000000,0.00000000
2.11059705,-0.05133952,0.16913249,0.00000000,0.00000000,0.00000000
2.12016463,0.01039554,0.44148853,0.00000000,0.00000000,0.00000000
2.10799623,0.01073733,0.47941560,0.00000000,0.00000000,0.00000000
2.11395824,0.11969210,0.06649162,0.00000000,0.00000000,0.00000000
2.10751176,0.11127303,0.15688501,0.00000000,0.00000000,0.00000000
2.10826770,0.12723531,0.06825679,0.00000000,0.00000000,0.00000000
2.12964956,-0.11470116,0.07098781,0.00000000,0.00000000,0.00000000
2.13407755,-0.08017995,0.16214155,0.00000000,0.00000000,0.00000000
2.12704599,-0.07679060,0.06029302,0.00000000,0.00000000,0.00000000
2.12650895,-0.07738028,0.06197646,0.00000000,0.00000000,0.00000000
2.12945914,-0.07254030,0.16387023,0.00000000,0.00000000,0.00000000
2.13996935,-0.04753039,0.11190264,0.00000000,0.00000000,0.00000000
2.13881969,-0.04076090,0.22032717,0.00000000,0.00000000,0.00000000
2.13815641,-0.02928025,0.28347254,0.00000000,0.00000000,0.00000000
2.13686824,-0.01471768,0.09248149,0.00000000,0.00000000,0.00000000
2.12912941,-0.00494502,0.15068303,0.00000000,0.00000000,0.00000000
2.12430239,0.00204337,0.14949824,0.00000000,0.00000000,0.00000000
2.13707805,0.01677504,0.21777456,0.00000000,0.00000000,0.00000000
2.13265657,0.07229855,0.17091803,0.00000000,0.00000000,0.00000000
2.14976859,-0.10670583,0.22081846,0.00000000,0.00000000,0.00000000
2.14913321,-0.10585265,0.22499628,0.00000000,0.00000000,0.00000000
2.15210724,-0.07406627,0.35219112,0.00000000,0.00000000,0.00000000
2.14765882,-0.04622250,0.17709118,0.00000000,0.00000000,0.00000000
2.14424920,-0.05074676,0.21970633,0.00000000,0.00000000,0.00000000
2.15005732,-0.05703961,0.22948638,0.00000000,0.00000000,0.00000000
2.14792919,-0.03871893,0.31040075,0.00000000,0.00000000,0.00000000
2.16024375,-0.05232726,0.48237804,0.00000000,0.00000000,0.00000000
2.14252996,-0.02938712,0.57992131,0.00000000,0.00000000,0.00000000
2.14762402,-0.01047388,0.16559786,0.00000000,0.00000000,0.00000000
2.14426565,0.00636214,0.45838919,0.00000000,0.00000000,0.00000000
2.14390612,0.14549060,0.18431349,0.00000000,0.00000000,0.00000000
2.16606593,-0.06497642,0.23506643,0.00000000,0.00000000,0.00000000
2.17617702,-0.07774784,0.30760896,0.00000000,0.00000000,0.00000000
2.17266679,-0.05304970,0.44331759,0.00000000,0.00000000,0.00000000
2.16499448,-0.03707504,0.35665515,0.00000000,0.00000000,0.00000000
2.17831039,-0.03658452,0.42846692,0.00000000,0.00000000,0.00000000
2.16265750,-0.00943909,0.27805227,0.00000000,0.00000000,0.00000000
2.17420912,0.02752645,0.38769016,0.00000000,0.00000000,0.00000000
2.16372395,0.10076655,0.06621554,0.00000000,0.00000000,0.00000000
2.16893268,0.11284329,0.23490949,0.00000000,0.00000000,0.00000000
2.17453337,0.13620150,0.07718311,0.00000000,0.00000000,0.00000000
2.18332720,-0.10581765,0.30682787,0.00000000,0.00000000,0.00000000
2.20021462,-0.06422784,0.08030978,0.00000000,0.00000000,0.00000000
2.18657970,-0.03996981,0.28262264,0.00000000,0.00000000,0.00000000
2.19231153,-0.00978392,0.23226930,0.00000000,0.00000000,0.00000000
2.18658137,-0.00954349,0.25927335,0.00000000,0.00000000,0.00000000
2.20353436,-0.08290097,0.24727681,0.00000000,0.00000000,0.00000000
2.20572591,-0.06878811,0.07851360,0.00000000,0.00000000,0.00000000
2.20484543,-0.05047254,0.30456197,0.00000000,0.00000000,0.00000000
2.20613849,-0.03039452,0.06502430,0.00000000,0.00000000,0.00000000
2.25276017,-0.01502076,0.17522284,0.00000000,0.00000000,0.00000000
2.24834228,0.00059919,0.31561583,0.00000000,0.00000000,0.00000000
2.25053549,0.01896578,0.16087356,0.00000000,0.00000000,0.00000000
2.24891257,0.03410950,0.24388421,0.00000000,0.00000000,0.00000000
2.27082062,-0.09995862,0.35074577,0.00000000,0.00000000,0.00000000
2.27701974,-0.06474027,0.16322450,0.00000000,0.00000000,0.00000000
2.26786733,-0.06170078,0.23670778,0.00000000,0.00000000,0.00000000
2.27981091,-0.07735628,0.35180625,0.00000000,0.00000000,0.00000000
2.26471329,-0.05574672,0.45747650,0.00000000,0.00000000,0.00000000
2.27389550,-0.03231256,0.14395842,0.00000000,0.00000000,0.00000000
2.26483536,-0.03317279,0.21164346,0.00000000,0.00000000,0.00000000
2.26481724,-0.03541311,0.26904091,0.00000000,0.00000000,0.00000000
2.26832008,-0.03340531,0.37112495,0.00000000,0.00000000,0.00000000
2.27217984,-0.03164864,0.39643893,0.00000000,0.00000000,0.00000000
2.27231598,-0.01099164,0.31604037,0.00000000,0.00000000,0.00000000
2.29627395,0.00091695,0.40970707,0.00000000,0.00000000,0.00000000
2.29961991,0.02492571,0.38068879,0.00000000,0.00000000,0.00000000
2.32076979,0.02532825,0.54710519,0.00000000,0.00000000,0.00000000
2.32836962,-0.09921943,0.30193073,0.00000000,0.00000000,0.00000000
2.33209062,-0.03134117,0.71580023,0.00000000,0.00000000,0.00000000
2.33682704,0.06096080,0.42599306,0.00000000,0.00000000,0.00000000
2.34987259,-0.02109309,0.52080953,0.00000000,0.00000000,0.00000000
2.36022830,0.00956883,0.40589848,0.00000000,0.00000000,0.00000000
2.34908605,0.04027025,0.47627991,0.00000000,0.00000000,0.00000000
2.35645485,0.06135222,0.35167027,0.00000000,0.00000000,0.00000000
2.36483097,-0.08519910,0.44887418,0.00000000,0.00000000,0.00000000
2.37385297,-0.07433553,0.28082481,0.00000000,0.00000000,0.00000000
2.37395668,-0.07791138,0.38453001,0.00000000,0.00000000,0.00000000
2.36887980,-0.06831186,0.58363324,0.00000000,0.00000000,0.00000000
2.37311912,-0.04805645,0.25344682,0.00000000,0.00000000,0.00000000
2.36425138,-0.03466649,0.39942601,0.00000000,0.00000000,0.00000000
2.37151551,-0.02887388,0.42508033,0.00000000,0.00000000,0.00000000
2.36857176,-0.01359776,0.34468788,0.00000000,0.00000000,0.00000000
2.36974430,0.00513148,0.21343599,0.00000000,0.00000000,0.00000000
2.36658406,0.03574199,0.19355661,0.00000000,0.00000000,0.00000000
2.39258885,-0.06072232,0.51826870,0.00000000,0.00000000,0.00000000
2.43593764,-0.08870954,0.30732340,0.00000000,0.00000000,0.00000000
2.43194914,-0.04914226,0.35153431,0.00000000,0.00000000,0.00000000
2.42694855,-0.01865938,0.28180754,0.00000000,0.00000000,0.00000000
2.43683004,-0.01124792,0.74601930,0.00000000,0.00000000,0.00000000
2.42366576,0.03910691,0.77509195,0.00000000,0.00000000,0.00000000
2.43448138,0.04924543,0.70048004,0.00000000,0.00000000,0.00000000
2.45697212,0.05121718,0.36682466,0.00000000,0.00000000,0.00000000
2.46698904,-0.08451418,0.30925232,0.00000000,0.00000000,0.00000000
2.46663570,-0.06017959,0.28042850,0.00000000,0.00000000,0.00000000
2.47482467,-0.06926198,0.45862794,0.00000000,0.00000000,0.00000000
2.47772646,-0.05280850,0.59743029,0.00000000,0.00000000,0.00000000
2.47591949,-0.01985059,0.49580753,0.00000000,0.00000000,0.00000000
2.46681559,-0.00758596,0.41388935,0.00000000,0.00000000,0.00000000
2.47218680,-0.00480626,0.63279629,0.00000000,0.00000000,0.00000000
2.47851920,0.01951578,0.36883911,0.00000000,0.00000000,0.00000000
2.47135878,0.00701177,0.49837580,0.00000000,0.00000000,0.00000000
2.46971774,0.01160071,0.55818880,0.00000000,0.00000000,0.00000000
2.46293688,0.03885367,0.44229403,0.00000000,0.00000000,0.00000000
2.47604775,0.02999643,0.46913460,0.00000000,0.00000000,0.00000000
2.49870896,-0.04222992,0.52016121,0.00000000,0.00000000,0.00000000
2.48899627,0.01547873,0.47344482,0.00000000,0.00000000,0.00000000
2.49088573,0.00947315,0.54633081,0.00000000,0.00000000,0.00000000
2.48432088,0.03950871,0.33895147,0.00000000,0.00000000,0.00000000
2.54008460,-0.06528403,0.23858987,0.00000000,0.00000000,0.00000000
2.53822899,-0.03554162,0.21693200,0.00000000,0.00000000,0.00000000
2.56029820,-0.04732807,0.34406310,0.00000000,0.00000000,0.00000000
2.55221438,-0.00680688,0.69439697,0.00000000,0.00000000,0.00000000
2.55605292,0.01698611,0.66568196,0.00000000,0.00000000,0.00000000
2.56452799,-0.07113039,0.37265989,0.00000000,0.00000000,0.00000000
2.58112526,-0.04841575,0.52556431,0.00000000,0.00000000,0.00000000
2.58088827,-0.02310458,0.49816519,0.00000000,0.00000000,0.00000000
2.57036972,-0.00333677,0.33286339,0.00000000,0.00000000,0.00000000
2.56796527,0.02141790,0.30530801,0.00000000,0.00000000,0.00000000
2.60570836,-0.04457497,0.45234928,0.00000000,0.00000000,0.00000000
2.60685039,-0.02187806,0.42295715,0.00000000,0.00000000,0.00000000
